0 verbose cli C:\Program Files\nodejs\node.exe C:\Program Files\nodejs\node_modules\npm\bin\npm-cli.js
1 info using npm@11.11.0
2 info using node@v24.14.1
3 silly config load:file:C:\Program Files\nodejs\node_modules\npm\npmrc
4 silly config load:file:C:\Users\welli\Desktop\Bella Mix\.npmrc
5 silly config load:file:C:\Users\welli\.npmrc
6 silly config load:file:C:\Users\welli\AppData\Roaming\npm\etc\npmrc
7 verbose title npm install
8 verbose argv "install" "--no-audit" "--no-fund" "--cache" ".npm-cache" "--fetch-retries" "0"
9 verbose logfile logs-max:10 dir:C:\Users\welli\Desktop\Bella Mix\.npm-cache\_logs\2026-09-09T17_07_55_845Z-
10 verbose logfile C:\Users\welli\Desktop\Bella Mix\.npm-cache\_logs\2026-09-09T17_07_55_845Z-debug-0.log
11 silly logfile done cleaning log files
12 silly packumentCache heap:4496293888 maxSize:1124073472 maxEntrySize:562036736
13 silly idealTree buildDeps
14 silly reify mark retired [ 'C:\\Users\\welli\\Desktop\\Bella Mix\\node_modules\\aria-hidden' ]
15 silly reify mark retired [ 'C:\\Users\\welli\\Desktop\\Bella Mix\\node_modules\\browserslist' ]
16 silly reify mark retired [
16 silly reify   'C:\\Users\\welli\\Desktop\\Bella Mix\\node_modules\\baseline-browser-mapping'
16 silly reify ]
17 silly reify mark retired [ 'C:\\Users\\welli\\Desktop\\Bella Mix\\node_modules\\caniuse-lite' ]
18 silly reify mark retired [
18 silly reify   'C:\\Users\\welli\\Desktop\\Bella Mix\\node_modules\\class-variance-authority'
18 silly reify ]
19 silly reify mark retired [ 'C:\\Users\\welli\\Desktop\\Bella Mix\\node_modules\\clsx' ]
20 silly reify mark retired [ 'C:\\Users\\welli\\Desktop\\Bella Mix\\node_modules\\cmdk' ]
21 silly reify mark retired [
21 silly reify   'C:\\Users\\welli\\Desktop\\Bella Mix\\node_modules\\convert-source-map'
21 silly reify ]
22 silly reify mark retired [ 'C:\\Users\\welli\\Desktop\\Bella Mix\\node_modules\\csstype' ]
23 silly reify mark retired [ 'C:\\Users\\welli\\Desktop\\Bella Mix\\node_modules\\cssesc' ]
24 silly reify mark retired [ 'C:\\Users\\welli\\Desktop\\Bella Mix\\node_modules\\d3-array' ]
25 silly reify mark retired [ 'C:\\Users\\welli\\Desktop\\Bella Mix\\node_modules\\d3-ease' ]
26 silly reify mark retired [ 'C:\\Users\\welli\\Desktop\\Bella Mix\\node_modules\\d3-color' ]
27 silly reify mark retired [ 'C:\\Users\\welli\\Desktop\\Bella Mix\\node_modules\\d3-format' ]
28 silly reify mark retired [
28 silly reify   'C:\\Users\\welli\\Desktop\\Bella Mix\\node_modules\\d3-interpolate'
28 silly reify ]
29 silly reify mark retired [ 'C:\\Users\\welli\\Desktop\\Bella Mix\\node_modules\\d3-path' ]
30 silly reify mark retired [ 'C:\\Users\\welli\\Desktop\\Bella Mix\\node_modules\\d3-scale' ]
31 silly reify mark retired [ 'C:\\Users\\welli\\Desktop\\Bella Mix\\node_modules\\d3-shape' ]
32 silly reify mark retired [
32 silly reify   'C:\\Users\\welli\\Desktop\\Bella Mix\\node_modules\\d3-time-format'
32 silly reify ]
33 silly reify mark retired [ 'C:\\Users\\welli\\Desktop\\Bella Mix\\node_modules\\d3-time' ]
34 silly reify mark retired [ 'C:\\Users\\welli\\Desktop\\Bella Mix\\node_modules\\d3-timer' ]
35 silly reify mark retired [ 'C:\\Users\\welli\\Desktop\\Bella Mix\\node_modules\\date-fns' ]
36 silly reify mark retired [
36 silly reify   'C:\\Users\\welli\\Desktop\\Bella Mix\\node_modules\\date-fns-jalali'
36 silly reify ]
37 silly reify mark retired [ 'C:\\Users\\welli\\Desktop\\Bella Mix\\node_modules\\debug' ]
38 silly reify mark retired [ 'C:\\Users\\welli\\Desktop\\Bella Mix\\node_modules\\detect-libc' ]
39 silly reify mark retired [
39 silly reify   'C:\\Users\\welli\\Desktop\\Bella Mix\\node_modules\\decimal.js-light'
39 silly reify ]
40 silly reify mark retired [
40 silly reify   'C:\\Users\\welli\\Desktop\\Bella Mix\\node_modules\\detect-node-es'
40 silly reify ]
41 silly reify mark retired [ 'C:\\Users\\welli\\Desktop\\Bella Mix\\node_modules\\dom-helpers' ]
42 silly reify mark retired [
42 silly reify   'C:\\Users\\welli\\Desktop\\Bella Mix\\node_modules\\electron-to-chromium'
42 silly reify ]
43 silly reify mark retired [
43 silly reify   'C:\\Users\\welli\\Desktop\\Bella Mix\\node_modules\\embla-carousel'
43 silly reify ]
44 silly reify mark retired [
44 silly reify   'C:\\Users\\welli\\Desktop\\Bella Mix\\node_modules\\embla-carousel-react'
44 silly reify ]
45 silly reify mark retired [
45 silly reify   'C:\\Users\\welli\\Desktop\\Bella Mix\\node_modules\\embla-carousel-reactive-utils'
45 silly reify ]
46 silly reify mark retired [
46 silly reify   'C:\\Users\\welli\\Desktop\\Bella Mix\\node_modules\\enhanced-resolve'
46 silly reify ]
47 silly reify mark retired [ 'C:\\Users\\welli\\Desktop\\Bella Mix\\node_modules\\esbuild' ]
48 silly reify mark retired [ 'C:\\Users\\welli\\Desktop\\Bella Mix\\node_modules\\escalade' ]
49 silly reify mark retired [ 'C:\\Users\\welli\\Desktop\\Bella Mix\\node_modules\\eventemitter3' ]
50 silly reify mark retired [ 'C:\\Users\\welli\\Desktop\\Bella Mix\\node_modules\\fast-equals' ]
51 silly reify mark retired [ 'C:\\Users\\welli\\Desktop\\Bella Mix\\node_modules\\fdir' ]
52 silly reify mark retired [ 'C:\\Users\\welli\\Desktop\\Bella Mix\\node_modules\\framer-motion' ]
53 silly reify mark retired [ 'C:\\Users\\welli\\Desktop\\Bella Mix\\node_modules\\gensync' ]
54 silly reify mark retired [ 'C:\\Users\\welli\\Desktop\\Bella Mix\\node_modules\\get-nonce' ]
55 silly reify mark retired [ 'C:\\Users\\welli\\Desktop\\Bella Mix\\node_modules\\graceful-fs' ]
56 silly reify mark retired [ 'C:\\Users\\welli\\Desktop\\Bella Mix\\node_modules\\iceberg-js' ]
57 silly reify mark retired [ 'C:\\Users\\welli\\Desktop\\Bella Mix\\node_modules\\input-otp' ]
58 silly reify mark retired [ 'C:\\Users\\welli\\Desktop\\Bella Mix\\node_modules\\internmap' ]
59 silly reify mark retired [ 'C:\\Users\\welli\\Desktop\\Bella Mix\\node_modules\\jiti' ]
60 silly reify mark retired [ 'C:\\Users\\welli\\Desktop\\Bella Mix\\node_modules\\js-tokens' ]
61 silly reify mark retired [ 'C:\\Users\\welli\\Desktop\\Bella Mix\\node_modules\\jsesc' ]
62 silly reify mark retired [ 'C:\\Users\\welli\\Desktop\\Bella Mix\\node_modules\\json5' ]
63 silly reify mark retired [ 'C:\\Users\\welli\\Desktop\\Bella Mix\\node_modules\\lightningcss' ]
64 silly reify mark retired [
64 silly reify   'C:\\Users\\welli\\Desktop\\Bella Mix\\node_modules\\lightningcss-win32-x64-msvc'
64 silly reify ]
65 silly reify mark retired [ 'C:\\Users\\welli\\Desktop\\Bella Mix\\node_modules\\lodash' ]
66 silly reify mark retired [ 'C:\\Users\\welli\\Desktop\\Bella Mix\\node_modules\\loose-envify' ]
67 silly reify mark retired [ 'C:\\Users\\welli\\Desktop\\Bella Mix\\node_modules\\lru-cache' ]
68 silly reify mark retired [ 'C:\\Users\\welli\\Desktop\\Bella Mix\\node_modules\\lucide-react' ]
69 silly reify mark retired [ 'C:\\Users\\welli\\Desktop\\Bella Mix\\node_modules\\magic-string' ]
70 silly reify mark retired [ 'C:\\Users\\welli\\Desktop\\Bella Mix\\node_modules\\mitt' ]
71 silly reify mark retired [ 'C:\\Users\\welli\\Desktop\\Bella Mix\\node_modules\\motion-dom' ]
72 silly reify mark retired [
72 silly reify   'C:\\Users\\welli\\Desktop\\Bella Mix\\node_modules\\modern-screenshot'
72 silly reify ]
73 silly reify mark retired [ 'C:\\Users\\welli\\Desktop\\Bella Mix\\node_modules\\motion-utils' ]
74 silly reify mark retired [ 'C:\\Users\\welli\\Desktop\\Bella Mix\\node_modules\\ms' ]
75 silly reify mark retired [ 'C:\\Users\\welli\\Desktop\\Bella Mix\\node_modules\\nanoid' ]
76 silly reify mark retired [ 'C:\\Users\\welli\\Desktop\\Bella Mix\\node_modules\\next-themes' ]
77 silly reify mark retired [ 'C:\\Users\\welli\\Desktop\\Bella Mix\\node_modules\\node-releases' ]
78 silly reify mark retired [ 'C:\\Users\\welli\\Desktop\\Bella Mix\\node_modules\\picocolors' ]
79 silly reify mark retired [ 'C:\\Users\\welli\\Desktop\\Bella Mix\\node_modules\\object-assign' ]
80 silly reify mark retired [ 'C:\\Users\\welli\\Desktop\\Bella Mix\\node_modules\\picomatch' ]
81 silly reify mark retired [ 'C:\\Users\\welli\\Desktop\\Bella Mix\\node_modules\\postcss' ]
82 silly reify mark retired [
82 silly reify   'C:\\Users\\welli\\Desktop\\Bella Mix\\node_modules\\postcss-selector-parser'
82 silly reify ]
83 silly reify mark retired [ 'C:\\Users\\welli\\Desktop\\Bella Mix\\node_modules\\prop-types' ]
84 silly reify mark retired [ 'C:\\Users\\welli\\Desktop\\Bella Mix\\node_modules\\react' ]
85 silly reify mark retired [
85 silly reify   'C:\\Users\\welli\\Desktop\\Bella Mix\\node_modules\\react-day-picker'
85 silly reify ]
86 silly reify mark retired [ 'C:\\Users\\welli\\Desktop\\Bella Mix\\node_modules\\react-dom' ]
87 silly reify mark retired [
87 silly reify   'C:\\Users\\welli\\Desktop\\Bella Mix\\node_modules\\react-hook-form'
87 silly reify ]
88 silly reify mark retired [ 'C:\\Users\\welli\\Desktop\\Bella Mix\\node_modules\\react-icons' ]
89 silly reify mark retired [ 'C:\\Users\\welli\\Desktop\\Bella Mix\\node_modules\\react-is' ]
90 silly reify mark retired [
90 silly reify   'C:\\Users\\welli\\Desktop\\Bella Mix\\node_modules\\react-remove-scroll'
90 silly reify ]
91 silly reify mark retired [ 'C:\\Users\\welli\\Desktop\\Bella Mix\\node_modules\\react-refresh' ]
92 silly reify mark retired [
92 silly reify   'C:\\Users\\welli\\Desktop\\Bella Mix\\node_modules\\react-remove-scroll-bar'
92 silly reify ]
93 silly reify mark retired [
93 silly reify   'C:\\Users\\welli\\Desktop\\Bella Mix\\node_modules\\react-resizable-panels'
93 silly reify ]
94 silly reify mark retired [ 'C:\\Users\\welli\\Desktop\\Bella Mix\\node_modules\\react-smooth' ]
95 silly reify mark retired [
95 silly reify   'C:\\Users\\welli\\Desktop\\Bella Mix\\node_modules\\react-style-singleton'
95 silly reify ]
96 silly reify mark retired [
96 silly reify   'C:\\Users\\welli\\Desktop\\Bella Mix\\node_modules\\react-transition-group'
96 silly reify ]
97 silly reify mark retired [ 'C:\\Users\\welli\\Desktop\\Bella Mix\\node_modules\\recharts' ]
98 silly reify mark retired [ 'C:\\Users\\welli\\Desktop\\Bella Mix\\node_modules\\rollup' ]
99 silly reify mark retired [
99 silly reify   'C:\\Users\\welli\\Desktop\\Bella Mix\\node_modules\\recharts-scale'
99 silly reify ]
100 silly reify mark retired [ 'C:\\Users\\welli\\Desktop\\Bella Mix\\node_modules\\regexparam' ]
101 silly reify mark retired [ 'C:\\Users\\welli\\Desktop\\Bella Mix\\node_modules\\semver' ]
102 silly reify mark retired [ 'C:\\Users\\welli\\Desktop\\Bella Mix\\node_modules\\scheduler' ]
103 silly reify mark retired [ 'C:\\Users\\welli\\Desktop\\Bella Mix\\node_modules\\sonner' ]
104 silly reify mark retired [
104 silly reify   'C:\\Users\\welli\\Desktop\\Bella Mix\\node_modules\\tailwind-merge'
104 silly reify ]
105 silly reify mark retired [ 'C:\\Users\\welli\\Desktop\\Bella Mix\\node_modules\\source-map-js' ]
106 silly reify mark retired [ 'C:\\Users\\welli\\Desktop\\Bella Mix\\node_modules\\tailwindcss' ]
107 silly reify mark retired [
107 silly reify   'C:\\Users\\welli\\Desktop\\Bella Mix\\node_modules\\tiny-invariant'
107 silly reify ]
108 silly reify mark retired [ 'C:\\Users\\welli\\Desktop\\Bella Mix\\node_modules\\tinyglobby' ]
109 silly reify mark retired [ 'C:\\Users\\welli\\Desktop\\Bella Mix\\node_modules\\tapable' ]
110 silly reify mark retired [ 'C:\\Users\\welli\\Desktop\\Bella Mix\\node_modules\\tslib' ]
111 silly reify mark retired [
111 silly reify   'C:\\Users\\welli\\Desktop\\Bella Mix\\node_modules\\tw-animate-css'
111 silly reify ]
112 silly reify mark retired [ 'C:\\Users\\welli\\Desktop\\Bella Mix\\node_modules\\undici-types' ]
113 silly reify mark retired [
113 silly reify   'C:\\Users\\welli\\Desktop\\Bella Mix\\node_modules\\use-callback-ref'
113 silly reify ]
114 silly reify mark retired [
114 silly reify   'C:\\Users\\welli\\Desktop\\Bella Mix\\node_modules\\update-browserslist-db'
114 silly reify ]
115 silly reify mark retired [ 'C:\\Users\\welli\\Desktop\\Bella Mix\\node_modules\\use-sidecar' ]
116 silly reify mark retired [
116 silly reify   'C:\\Users\\welli\\Desktop\\Bella Mix\\node_modules\\use-sync-external-store'
116 silly reify ]
117 silly reify mark retired [
117 silly reify   'C:\\Users\\welli\\Desktop\\Bella Mix\\node_modules\\util-deprecate'
117 silly reify ]
118 silly reify mark retired [
118 silly reify   'C:\\Users\\welli\\Desktop\\Bella Mix\\node_modules\\victory-vendor'
118 silly reify ]
119 silly reify mark retired [ 'C:\\Users\\welli\\Desktop\\Bella Mix\\node_modules\\vaul' ]
120 silly reify mark retired [ 'C:\\Users\\welli\\Desktop\\Bella Mix\\node_modules\\vite' ]
121 silly reify mark retired [ 'C:\\Users\\welli\\Desktop\\Bella Mix\\node_modules\\wouter' ]
122 silly reify mark retired [ 'C:\\Users\\welli\\Desktop\\Bella Mix\\node_modules\\yallist' ]
123 silly reify mark retired [ 'C:\\Users\\welli\\Desktop\\Bella Mix\\node_modules\\zod' ]
124 silly reify mark retired [
124 silly reify   'C:\\Users\\welli\\Desktop\\Bella Mix\\node_modules\\@babel\\code-frame'
124 silly reify ]
125 silly reify mark retired [
125 silly reify   'C:\\Users\\welli\\Desktop\\Bella Mix\\node_modules\\@babel\\compat-data'
125 silly reify ]
126 silly reify mark retired [ 'C:\\Users\\welli\\Desktop\\Bella Mix\\node_modules\\@babel\\core' ]
127 silly reify mark retired [
127 silly reify   'C:\\Users\\welli\\Desktop\\Bella Mix\\node_modules\\@babel\\generator'
127 silly reify ]
128 silly reify mark retired [
128 silly reify   'C:\\Users\\welli\\Desktop\\Bella Mix\\node_modules\\@babel\\helper-compilation-targets'
128 silly reify ]
129 silly reify mark retired [
129 silly reify   'C:\\Users\\welli\\Desktop\\Bella Mix\\node_modules\\@babel\\helper-globals'
129 silly reify ]
130 silly reify mark retired [
130 silly reify   'C:\\Users\\welli\\Desktop\\Bella Mix\\node_modules\\@babel\\helper-module-imports'
130 silly reify ]
131 silly reify mark retired [
131 silly reify   'C:\\Users\\welli\\Desktop\\Bella Mix\\node_modules\\@babel\\helper-module-transforms'
131 silly reify ]
132 silly reify mark retired [
132 silly reify   'C:\\Users\\welli\\Desktop\\Bella Mix\\node_modules\\@babel\\helper-string-parser'
132 silly reify ]
133 silly reify mark retired [
133 silly reify   'C:\\Users\\welli\\Desktop\\Bella Mix\\node_modules\\@babel\\helper-plugin-utils'
133 silly reify ]
134 silly reify mark retired [
134 silly reify   'C:\\Users\\welli\\Desktop\\Bella Mix\\node_modules\\@babel\\helper-validator-identifier'
134 silly reify ]
135 silly reify mark retired [
135 silly reify   'C:\\Users\\welli\\Desktop\\Bella Mix\\node_modules\\@babel\\helper-validator-option'
135 silly reify ]
136 silly reify mark retired [
136 silly reify   'C:\\Users\\welli\\Desktop\\Bella Mix\\node_modules\\@babel\\helpers'
136 silly reify ]
137 silly reify mark retired [
137 silly reify   'C:\\Users\\welli\\Desktop\\Bella Mix\\node_modules\\@babel\\parser'
137 silly reify ]
138 silly reify mark retired [
138 silly reify   'C:\\Users\\welli\\Desktop\\Bella Mix\\node_modules\\@babel\\plugin-transform-react-jsx-self'
138 silly reify ]
139 silly reify mark retired [
139 silly reify   'C:\\Users\\welli\\Desktop\\Bella Mix\\node_modules\\@babel\\plugin-transform-react-jsx-source'
139 silly reify ]
140 silly reify mark retired [
140 silly reify   'C:\\Users\\welli\\Desktop\\Bella Mix\\node_modules\\@babel\\runtime'
140 silly reify ]
141 silly reify mark retired [
141 silly reify   'C:\\Users\\welli\\Desktop\\Bella Mix\\node_modules\\@babel\\template'
141 silly reify ]
142 silly reify mark retired [
142 silly reify   'C:\\Users\\welli\\Desktop\\Bella Mix\\node_modules\\@babel\\traverse'
142 silly reify ]
143 silly reify mark retired [ 'C:\\Users\\welli\\Desktop\\Bella Mix\\node_modules\\@babel\\types' ]
144 silly reify mark retired [ 'C:\\Users\\welli\\Desktop\\Bella Mix\\node_modules\\@date-fns\\tz' ]
145 silly reify mark retired [
145 silly reify   'C:\\Users\\welli\\Desktop\\Bella Mix\\node_modules\\@esbuild\\win32-x64'
145 silly reify ]
146 silly reify mark retired [
146 silly reify   'C:\\Users\\welli\\Desktop\\Bella Mix\\node_modules\\@hookform\\resolvers'
146 silly reify ]
147 silly reify mark retired [
147 silly reify   'C:\\Users\\welli\\Desktop\\Bella Mix\\node_modules\\@floating-ui\\core'
147 silly reify ]
148 silly reify mark retired [
148 silly reify   'C:\\Users\\welli\\Desktop\\Bella Mix\\node_modules\\@floating-ui\\dom'
148 silly reify ]
149 silly reify mark retired [
149 silly reify   'C:\\Users\\welli\\Desktop\\Bella Mix\\node_modules\\@floating-ui\\react-dom'
149 silly reify ]
150 silly reify mark retired [
150 silly reify   'C:\\Users\\welli\\Desktop\\Bella Mix\\node_modules\\@floating-ui\\utils'
150 silly reify ]
151 silly reify mark retired [
151 silly reify   'C:\\Users\\welli\\Desktop\\Bella Mix\\node_modules\\@jridgewell\\gen-mapping'
151 silly reify ]
152 silly reify mark retired [
152 silly reify   'C:\\Users\\welli\\Desktop\\Bella Mix\\node_modules\\@jridgewell\\remapping'
152 silly reify ]
153 silly reify mark retired [
153 silly reify   'C:\\Users\\welli\\Desktop\\Bella Mix\\node_modules\\@jridgewell\\resolve-uri'
153 silly reify ]
154 silly reify mark retired [
154 silly reify   'C:\\Users\\welli\\Desktop\\Bella Mix\\node_modules\\@jridgewell\\trace-mapping'
154 silly reify ]
155 silly reify mark retired [
155 silly reify   'C:\\Users\\welli\\Desktop\\Bella Mix\\node_modules\\@jridgewell\\sourcemap-codec'
155 silly reify ]
156 silly reify mark retired [
156 silly reify   'C:\\Users\\welli\\Desktop\\Bella Mix\\node_modules\\@radix-ui\\number'
156 silly reify ]
157 silly reify mark retired [
157 silly reify   'C:\\Users\\welli\\Desktop\\Bella Mix\\node_modules\\@radix-ui\\primitive'
157 silly reify ]
158 silly reify mark retired [
158 silly reify   'C:\\Users\\welli\\Desktop\\Bella Mix\\node_modules\\@radix-ui\\react-accordion'
158 silly reify ]
159 silly reify mark retired [
159 silly reify   'C:\\Users\\welli\\Desktop\\Bella Mix\\node_modules\\@radix-ui\\react-alert-dialog'
159 silly reify ]
160 silly reify mark retired [
160 silly reify   'C:\\Users\\welli\\Desktop\\Bella Mix\\node_modules\\@radix-ui\\react-aspect-ratio'
160 silly reify ]
161 silly reify mark retired [
161 silly reify   'C:\\Users\\welli\\Desktop\\Bella Mix\\node_modules\\@radix-ui\\react-arrow'
161 silly reify ]
162 silly reify mark retired [
162 silly reify   'C:\\Users\\welli\\Desktop\\Bella Mix\\node_modules\\@radix-ui\\react-checkbox'
162 silly reify ]
163 silly reify mark retired [
163 silly reify   'C:\\Users\\welli\\Desktop\\Bella Mix\\node_modules\\@radix-ui\\react-avatar'
163 silly reify ]
164 silly reify mark retired [
164 silly reify   'C:\\Users\\welli\\Desktop\\Bella Mix\\node_modules\\@radix-ui\\react-collapsible'
164 silly reify ]
165 silly reify mark retired [
165 silly reify   'C:\\Users\\welli\\Desktop\\Bella Mix\\node_modules\\@radix-ui\\react-collection'
165 silly reify ]
166 silly reify mark retired [
166 silly reify   'C:\\Users\\welli\\Desktop\\Bella Mix\\node_modules\\@radix-ui\\react-context'
166 silly reify ]
167 silly reify mark retired [
167 silly reify   'C:\\Users\\welli\\Desktop\\Bella Mix\\node_modules\\@radix-ui\\react-compose-refs'
167 silly reify ]
168 silly reify mark retired [
168 silly reify   'C:\\Users\\welli\\Desktop\\Bella Mix\\node_modules\\@radix-ui\\react-context-menu'
168 silly reify ]
169 silly reify mark retired [
169 silly reify   'C:\\Users\\welli\\Desktop\\Bella Mix\\node_modules\\@radix-ui\\react-dialog'
169 silly reify ]
170 silly reify mark retired [
170 silly reify   'C:\\Users\\welli\\Desktop\\Bella Mix\\node_modules\\@radix-ui\\react-direction'
170 silly reify ]
171 silly reify mark retired [
171 silly reify   'C:\\Users\\welli\\Desktop\\Bella Mix\\node_modules\\@radix-ui\\react-dismissable-layer'
171 silly reify ]
172 silly reify mark retired [
172 silly reify   'C:\\Users\\welli\\Desktop\\Bella Mix\\node_modules\\@radix-ui\\react-dropdown-menu'
172 silly reify ]
173 silly reify mark retired [
173 silly reify   'C:\\Users\\welli\\Desktop\\Bella Mix\\node_modules\\@radix-ui\\react-hover-card'
173 silly reify ]
174 silly reify mark retired [
174 silly reify   'C:\\Users\\welli\\Desktop\\Bella Mix\\node_modules\\@radix-ui\\react-focus-guards'
174 silly reify ]
175 silly reify mark retired [
175 silly reify   'C:\\Users\\welli\\Desktop\\Bella Mix\\node_modules\\@radix-ui\\react-focus-scope'
175 silly reify ]
176 silly reify mark retired [
176 silly reify   'C:\\Users\\welli\\Desktop\\Bella Mix\\node_modules\\@radix-ui\\react-label'
176 silly reify ]
177 silly reify mark retired [
177 silly reify   'C:\\Users\\welli\\Desktop\\Bella Mix\\node_modules\\@radix-ui\\react-id'
177 silly reify ]
178 silly reify mark retired [
178 silly reify   'C:\\Users\\welli\\Desktop\\Bella Mix\\node_modules\\@radix-ui\\react-menubar'
178 silly reify ]
179 silly reify mark retired [
179 silly reify   'C:\\Users\\welli\\Desktop\\Bella Mix\\node_modules\\@radix-ui\\react-navigation-menu'
179 silly reify ]
180 silly reify mark retired [
180 silly reify   'C:\\Users\\welli\\Desktop\\Bella Mix\\node_modules\\@radix-ui\\react-menu'
180 silly reify ]
181 silly reify mark retired [
181 silly reify   'C:\\Users\\welli\\Desktop\\Bella Mix\\node_modules\\@radix-ui\\react-popover'
181 silly reify ]
182 silly reify mark retired [
182 silly reify   'C:\\Users\\welli\\Desktop\\Bella Mix\\node_modules\\@radix-ui\\react-portal'
182 silly reify ]
183 silly reify mark retired [
183 silly reify   'C:\\Users\\welli\\Desktop\\Bella Mix\\node_modules\\@radix-ui\\react-popper'
183 silly reify ]
184 silly reify mark retired [
184 silly reify   'C:\\Users\\welli\\Desktop\\Bella Mix\\node_modules\\@radix-ui\\react-presence'
184 silly reify ]
185 silly reify mark retired [
185 silly reify   'C:\\Users\\welli\\Desktop\\Bella Mix\\node_modules\\@radix-ui\\react-primitive'
185 silly reify ]
186 silly reify mark retired [
186 silly reify   'C:\\Users\\welli\\Desktop\\Bella Mix\\node_modules\\@radix-ui\\react-progress'
186 silly reify ]
187 silly reify mark retired [
187 silly reify   'C:\\Users\\welli\\Desktop\\Bella Mix\\node_modules\\@radix-ui\\react-radio-group'
187 silly reify ]
188 silly reify mark retired [
188 silly reify   'C:\\Users\\welli\\Desktop\\Bella Mix\\node_modules\\@radix-ui\\react-roving-focus'
188 silly reify ]
189 silly reify mark retired [
189 silly reify   'C:\\Users\\welli\\Desktop\\Bella Mix\\node_modules\\@radix-ui\\react-scroll-area'
189 silly reify ]
190 silly reify mark retired [
190 silly reify   'C:\\Users\\welli\\Desktop\\Bella Mix\\node_modules\\@radix-ui\\react-select'
190 silly reify ]
191 silly reify mark retired [
191 silly reify   'C:\\Users\\welli\\Desktop\\Bella Mix\\node_modules\\@radix-ui\\react-separator'
191 silly reify ]
192 silly reify mark retired [
192 silly reify   'C:\\Users\\welli\\Desktop\\Bella Mix\\node_modules\\@radix-ui\\react-slider'
192 silly reify ]
193 silly reify mark retired [
193 silly reify   'C:\\Users\\welli\\Desktop\\Bella Mix\\node_modules\\@radix-ui\\react-slot'
193 silly reify ]
194 silly reify mark retired [
194 silly reify   'C:\\Users\\welli\\Desktop\\Bella Mix\\node_modules\\@radix-ui\\react-switch'
194 silly reify ]
195 silly reify mark retired [
195 silly reify   'C:\\Users\\welli\\Desktop\\Bella Mix\\node_modules\\@radix-ui\\react-tabs'
195 silly reify ]
196 silly reify mark retired [
196 silly reify   'C:\\Users\\welli\\Desktop\\Bella Mix\\node_modules\\@radix-ui\\react-toast'
196 silly reify ]
197 silly reify mark retired [
197 silly reify   'C:\\Users\\welli\\Desktop\\Bella Mix\\node_modules\\@radix-ui\\react-toggle'
197 silly reify ]
198 silly reify mark retired [
198 silly reify   'C:\\Users\\welli\\Desktop\\Bella Mix\\node_modules\\@radix-ui\\react-toggle-group'
198 silly reify ]
199 silly reify mark retired [
199 silly reify   'C:\\Users\\welli\\Desktop\\Bella Mix\\node_modules\\@radix-ui\\react-tooltip'
199 silly reify ]
200 silly reify mark retired [
200 silly reify   'C:\\Users\\welli\\Desktop\\Bella Mix\\node_modules\\@radix-ui\\react-use-callback-ref'
200 silly reify ]
201 silly reify mark retired [
201 silly reify   'C:\\Users\\welli\\Desktop\\Bella Mix\\node_modules\\@radix-ui\\react-use-controllable-state'
201 silly reify ]
202 silly reify mark retired [
202 silly reify   'C:\\Users\\welli\\Desktop\\Bella Mix\\node_modules\\@radix-ui\\react-use-escape-keydown'
202 silly reify ]
203 silly reify mark retired [
203 silly reify   'C:\\Users\\welli\\Desktop\\Bella Mix\\node_modules\\@radix-ui\\react-use-is-hydrated'
203 silly reify ]
204 silly reify mark retired [
204 silly reify   'C:\\Users\\welli\\Desktop\\Bella Mix\\node_modules\\@radix-ui\\react-use-layout-effect'
204 silly reify ]
205 silly reify mark retired [
205 silly reify   'C:\\Users\\welli\\Desktop\\Bella Mix\\node_modules\\@radix-ui\\react-use-effect-event'
205 silly reify ]
206 silly reify mark retired [
206 silly reify   'C:\\Users\\welli\\Desktop\\Bella Mix\\node_modules\\@radix-ui\\react-use-previous'
206 silly reify ]
207 silly reify mark retired [
207 silly reify   'C:\\Users\\welli\\Desktop\\Bella Mix\\node_modules\\@radix-ui\\react-use-rect'
207 silly reify ]
208 silly reify mark retired [
208 silly reify   'C:\\Users\\welli\\Desktop\\Bella Mix\\node_modules\\@radix-ui\\react-use-size'
208 silly reify ]
209 silly reify mark retired [
209 silly reify   'C:\\Users\\welli\\Desktop\\Bella Mix\\node_modules\\@radix-ui\\react-visually-hidden'
209 silly reify ]
210 silly reify mark retired [
210 silly reify   'C:\\Users\\welli\\Desktop\\Bella Mix\\node_modules\\@radix-ui\\rect'
210 silly reify ]
211 silly reify mark retired [
211 silly reify   'C:\\Users\\welli\\Desktop\\Bella Mix\\node_modules\\@replit\\vite-plugin-cartographer'
211 silly reify ]
212 silly reify mark retired [
212 silly reify   'C:\\Users\\welli\\Desktop\\Bella Mix\\node_modules\\@replit\\vite-plugin-dev-banner'
212 silly reify ]
213 silly reify mark retired [
213 silly reify   'C:\\Users\\welli\\Desktop\\Bella Mix\\node_modules\\@replit\\vite-plugin-runtime-error-modal'
213 silly reify ]
214 silly reify mark retired [
214 silly reify   'C:\\Users\\welli\\Desktop\\Bella Mix\\node_modules\\@rollup\\rollup-win32-x64-gnu'
214 silly reify ]
215 silly reify mark retired [
215 silly reify   'C:\\Users\\welli\\Desktop\\Bella Mix\\node_modules\\@rollup\\rollup-win32-x64-msvc'
215 silly reify ]
216 silly reify mark retired [
216 silly reify   'C:\\Users\\welli\\Desktop\\Bella Mix\\node_modules\\@rolldown\\pluginutils'
216 silly reify ]
217 silly reify mark retired [
217 silly reify   'C:\\Users\\welli\\Desktop\\Bella Mix\\node_modules\\@supabase\\auth-js'
217 silly reify ]
218 silly reify mark retired [
218 silly reify   'C:\\Users\\welli\\Desktop\\Bella Mix\\node_modules\\@supabase\\functions-js'
218 silly reify ]
219 silly reify mark retired [
219 silly reify   'C:\\Users\\welli\\Desktop\\Bella Mix\\node_modules\\@supabase\\phoenix'
219 silly reify ]
220 silly reify mark retired [
220 silly reify   'C:\\Users\\welli\\Desktop\\Bella Mix\\node_modules\\@supabase\\storage-js'
220 silly reify ]
221 silly reify mark retired [
221 silly reify   'C:\\Users\\welli\\Desktop\\Bella Mix\\node_modules\\@supabase\\realtime-js'
221 silly reify ]
222 silly reify mark retired [
222 silly reify   'C:\\Users\\welli\\Desktop\\Bella Mix\\node_modules\\@supabase\\supabase-js'
222 silly reify ]
223 silly reify mark retired [
223 silly reify   'C:\\Users\\welli\\Desktop\\Bella Mix\\node_modules\\@supabase\\postgrest-js'
223 silly reify ]
224 silly reify mark retired [
224 silly reify   'C:\\Users\\welli\\Desktop\\Bella Mix\\node_modules\\@tailwindcss\\node'
224 silly reify ]
225 silly reify mark retired [
225 silly reify   'C:\\Users\\welli\\Desktop\\Bella Mix\\node_modules\\@tailwindcss\\oxide'
225 silly reify ]
226 silly reify mark retired [
226 silly reify   'C:\\Users\\welli\\Desktop\\Bella Mix\\node_modules\\@tailwindcss\\oxide-win32-x64-msvc'
226 silly reify ]
227 silly reify mark retired [
227 silly reify   'C:\\Users\\welli\\Desktop\\Bella Mix\\node_modules\\@tailwindcss\\typography'
227 silly reify ]
228 silly reify mark retired [
228 silly reify   'C:\\Users\\welli\\Desktop\\Bella Mix\\node_modules\\@tailwindcss\\vite'
228 silly reify ]
229 silly reify mark retired [
229 silly reify   'C:\\Users\\welli\\Desktop\\Bella Mix\\node_modules\\@tabby_ai\\hijri-converter'
229 silly reify ]
230 silly reify mark retired [
230 silly reify   'C:\\Users\\welli\\Desktop\\Bella Mix\\node_modules\\@tanstack\\query-core'
230 silly reify ]
231 silly reify mark retired [
231 silly reify   'C:\\Users\\welli\\Desktop\\Bella Mix\\node_modules\\@tanstack\\react-query'
231 silly reify ]
232 silly reify mark retired [
232 silly reify   'C:\\Users\\welli\\Desktop\\Bella Mix\\node_modules\\@types\\babel__core'
232 silly reify ]
233 silly reify mark retired [
233 silly reify   'C:\\Users\\welli\\Desktop\\Bella Mix\\node_modules\\@types\\babel__generator'
233 silly reify ]
234 silly reify mark retired [
234 silly reify   'C:\\Users\\welli\\Desktop\\Bella Mix\\node_modules\\@types\\babel__template'
234 silly reify ]
235 silly reify mark retired [
235 silly reify   'C:\\Users\\welli\\Desktop\\Bella Mix\\node_modules\\@types\\babel__traverse'
235 silly reify ]
236 silly reify mark retired [
236 silly reify   'C:\\Users\\welli\\Desktop\\Bella Mix\\node_modules\\@types\\d3-array'
236 silly reify ]
237 silly reify mark retired [
237 silly reify   'C:\\Users\\welli\\Desktop\\Bella Mix\\node_modules\\@types\\d3-color'
237 silly reify ]
238 silly reify mark retired [
238 silly reify   'C:\\Users\\welli\\Desktop\\Bella Mix\\node_modules\\@types\\d3-ease'
238 silly reify ]
239 silly reify mark retired [
239 silly reify   'C:\\Users\\welli\\Desktop\\Bella Mix\\node_modules\\@types\\d3-interpolate'
239 silly reify ]
240 silly reify mark retired [
240 silly reify   'C:\\Users\\welli\\Desktop\\Bella Mix\\node_modules\\@types\\d3-path'
240 silly reify ]
241 silly reify mark retired [
241 silly reify   'C:\\Users\\welli\\Desktop\\Bella Mix\\node_modules\\@types\\d3-scale'
241 silly reify ]
242 silly reify mark retired [
242 silly reify   'C:\\Users\\welli\\Desktop\\Bella Mix\\node_modules\\@types\\d3-shape'
242 silly reify ]
243 silly reify mark retired [
243 silly reify   'C:\\Users\\welli\\Desktop\\Bella Mix\\node_modules\\@types\\d3-time'
243 silly reify ]
244 silly reify mark retired [
244 silly reify   'C:\\Users\\welli\\Desktop\\Bella Mix\\node_modules\\@types\\d3-timer'
244 silly reify ]
245 silly reify mark retired [
245 silly reify   'C:\\Users\\welli\\Desktop\\Bella Mix\\node_modules\\@types\\estree'
245 silly reify ]
246 silly reify mark retired [ 'C:\\Users\\welli\\Desktop\\Bella Mix\\node_modules\\@types\\node' ]
247 silly reify mark retired [ 'C:\\Users\\welli\\Desktop\\Bella Mix\\node_modules\\@types\\react' ]
248 silly reify mark retired [
248 silly reify   'C:\\Users\\welli\\Desktop\\Bella Mix\\node_modules\\@types\\react-dom'
248 silly reify ]
249 silly reify mark retired [
249 silly reify   'C:\\Users\\welli\\Desktop\\Bella Mix\\node_modules\\@vitejs\\plugin-react'
249 silly reify ]
250 silly reify moves {
250 silly reify   'C:\\Users\\welli\\Desktop\\Bella Mix\\node_modules\\aria-hidden': 'C:\\Users\\welli\\Desktop\\Bella Mix\\node_modules\\.aria-hidden-98Pw3Lpz',
250 silly reify   'C:\\Users\\welli\\Desktop\\Bella Mix\\node_modules\\browserslist': 'C:\\Users\\welli\\Desktop\\Bella Mix\\node_modules\\.browserslist-x7GP6UZN',
250 silly reify   'C:\\Users\\welli\\Desktop\\Bella Mix\\node_modules\\baseline-browser-mapping': 'C:\\Users\\welli\\Desktop\\Bella Mix\\node_modules\\.baseline-browser-mapping-wqD2koxQ',
250 silly reify   'C:\\Users\\welli\\Desktop\\Bella Mix\\node_modules\\caniuse-lite': 'C:\\Users\\welli\\Desktop\\Bella Mix\\node_modules\\.caniuse-lite-RnZMSPjr',
250 silly reify   'C:\\Users\\welli\\Desktop\\Bella Mix\\node_modules\\class-variance-authority': 'C:\\Users\\welli\\Desktop\\Bella Mix\\node_modules\\.class-variance-authority-KyEk4Koo',
250 silly reify   'C:\\Users\\welli\\Desktop\\Bella Mix\\node_modules\\clsx': 'C:\\Users\\welli\\Desktop\\Bella Mix\\node_modules\\.clsx-pNqbStei',
250 silly reify   'C:\\Users\\welli\\Desktop\\Bella Mix\\node_modules\\cmdk': 'C:\\Users\\welli\\Desktop\\Bella Mix\\node_modules\\.cmdk-a1dZW9zW',
250 silly reify   'C:\\Users\\welli\\Desktop\\Bella Mix\\node_modules\\convert-source-map': 'C:\\Users\\welli\\Desktop\\Bella Mix\\node_modules\\.convert-source-map-wZzvtnez',
250 silly reify   'C:\\Users\\welli\\Desktop\\Bella Mix\\node_modules\\csstype': 'C:\\Users\\welli\\Desktop\\Bella Mix\\node_modules\\.csstype-t7tqeTbg',
250 silly reify   'C:\\Users\\welli\\Desktop\\Bella Mix\\node_modules\\cssesc': 'C:\\Users\\welli\\Desktop\\Bella Mix\\node_modules\\.cssesc-UqU4bGNT',
250 silly reify   'C:\\Users\\welli\\Desktop\\Bella Mix\\node_modules\\d3-array': 'C:\\Users\\welli\\Desktop\\Bella Mix\\node_modules\\.d3-array-roo7NUDO',
250 silly reify   'C:\\Users\\welli\\Desktop\\Bella Mix\\node_modules\\d3-ease': 'C:\\Users\\welli\\Desktop\\Bella Mix\\node_modules\\.d3-ease-NzaP792O',
250 silly reify   'C:\\Users\\welli\\Desktop\\Bella Mix\\node_modules\\d3-color': 'C:\\Users\\welli\\Desktop\\Bella Mix\\node_modules\\.d3-color-9sTZO27E',
250 silly reify   'C:\\Users\\welli\\Desktop\\Bella Mix\\node_modules\\d3-format': 'C:\\Users\\welli\\Desktop\\Bella Mix\\node_modules\\.d3-format-haCHUMGQ',
250 silly reify   'C:\\Users\\welli\\Desktop\\Bella Mix\\node_modules\\d3-interpolate': 'C:\\Users\\welli\\Desktop\\Bella Mix\\node_modules\\.d3-interpolate-56bRF4dY',
250 silly reify   'C:\\Users\\welli\\Desktop\\Bella Mix\\node_modules\\d3-path': 'C:\\Users\\welli\\Desktop\\Bella Mix\\node_modules\\.d3-path-0hjhsXTc',
250 silly reify   'C:\\Users\\welli\\Desktop\\Bella Mix\\node_modules\\d3-scale': 'C:\\Users\\welli\\Desktop\\Bella Mix\\node_modules\\.d3-scale-4Edg8ouy',
250 silly reify   'C:\\Users\\welli\\Desktop\\Bella Mix\\node_modules\\d3-shape': 'C:\\Users\\welli\\Desktop\\Bella Mix\\node_modules\\.d3-shape-6uZH0ZME',
250 silly reify   'C:\\Users\\welli\\Desktop\\Bella Mix\\node_modules\\d3-time-format': 'C:\\Users\\welli\\Desktop\\Bella Mix\\node_modules\\.d3-time-format-YqV6Odc2',
250 silly reify   'C:\\Users\\welli\\Desktop\\Bella Mix\\node_modules\\d3-time': 'C:\\Users\\welli\\Desktop\\Bella Mix\\node_modules\\.d3-time-NkYKTfuY',
250 silly reify   'C:\\Users\\welli\\Desktop\\Bella Mix\\node_modules\\d3-timer': 'C:\\Users\\welli\\Desktop\\Bella Mix\\node_modules\\.d3-timer-z3rprtSc',
250 silly reify   'C:\\Users\\welli\\Desktop\\Bella Mix\\node_modules\\date-fns': 'C:\\Users\\welli\\Desktop\\Bella Mix\\node_modules\\.date-fns-yM7SYIRU',
250 silly reify   'C:\\Users\\welli\\Desktop\\Bella Mix\\node_modules\\date-fns-jalali': 'C:\\Users\\welli\\Desktop\\Bella Mix\\node_modules\\.date-fns-jalali-o5733JLu',
250 silly reify   'C:\\Users\\welli\\Desktop\\Bella Mix\\node_modules\\debug': 'C:\\Users\\welli\\Desktop\\Bella Mix\\node_modules\\.debug-djAMPzWf',
250 silly reify   'C:\\Users\\welli\\Desktop\\Bella Mix\\node_modules\\detect-libc': 'C:\\Users\\welli\\Desktop\\Bella Mix\\node_modules\\.detect-libc-cztGlgAM',
250 silly reify   'C:\\Users\\welli\\Desktop\\Bella Mix\\node_modules\\decimal.js-light': 'C:\\Users\\welli\\Desktop\\Bella Mix\\node_modules\\.decimal.js-light-CIkM7iGQ',
250 silly reify   'C:\\Users\\welli\\Desktop\\Bella Mix\\node_modules\\detect-node-es': 'C:\\Users\\welli\\Desktop\\Bella Mix\\node_modules\\.detect-node-es-Lp3Y5qG5',
250 silly reify   'C:\\Users\\welli\\Desktop\\Bella Mix\\node_modules\\dom-helpers': 'C:\\Users\\welli\\Desktop\\Bella Mix\\node_modules\\.dom-helpers-SP9WU03K',
250 silly reify   'C:\\Users\\welli\\Desktop\\Bella Mix\\node_modules\\electron-to-chromium': 'C:\\Users\\welli\\Desktop\\Bella Mix\\node_modules\\.electron-to-chromium-GOa6Uy93',
250 silly reify   'C:\\Users\\welli\\Desktop\\Bella Mix\\node_modules\\embla-carousel': 'C:\\Users\\welli\\Desktop\\Bella Mix\\node_modules\\.embla-carousel-Y2tCJazi',
250 silly reify   'C:\\Users\\welli\\Desktop\\Bella Mix\\node_modules\\embla-carousel-react': 'C:\\Users\\welli\\Desktop\\Bella Mix\\node_modules\\.embla-carousel-react-CCLDLc2U',
250 silly reify   'C:\\Users\\welli\\Desktop\\Bella Mix\\node_modules\\embla-carousel-reactive-utils': 'C:\\Users\\welli\\Desktop\\Bella Mix\\node_modules\\.embla-carousel-reactive-utils-Gs77DYKn',
250 silly reify   'C:\\Users\\welli\\Desktop\\Bella Mix\\node_modules\\enhanced-resolve': 'C:\\Users\\welli\\Desktop\\Bella Mix\\node_modules\\.enhanced-resolve-2NWIWHmJ',
250 silly reify   'C:\\Users\\welli\\Desktop\\Bella Mix\\node_modules\\esbuild': 'C:\\Users\\welli\\Desktop\\Bella Mix\\node_modules\\.esbuild-2q1Rb0kg',
250 silly reify   'C:\\Users\\welli\\Desktop\\Bella Mix\\node_modules\\escalade': 'C:\\Users\\welli\\Desktop\\Bella Mix\\node_modules\\.escalade-PwAW2ai2',
250 silly reify   'C:\\Users\\welli\\Desktop\\Bella Mix\\node_modules\\eventemitter3': 'C:\\Users\\welli\\Desktop\\Bella Mix\\node_modules\\.eventemitter3-UAUCkbx8',
250 silly reify   'C:\\Users\\welli\\Desktop\\Bella Mix\\node_modules\\fast-equals': 'C:\\Users\\welli\\Desktop\\Bella Mix\\node_modules\\.fast-equals-AV6lNfg9',
250 silly reify   'C:\\Users\\welli\\Desktop\\Bella Mix\\node_modules\\fdir': 'C:\\Users\\welli\\Desktop\\Bella Mix\\node_modules\\.fdir-YU7pnHgQ',
250 silly reify   'C:\\Users\\welli\\Desktop\\Bella Mix\\node_modules\\framer-motion': 'C:\\Users\\welli\\Desktop\\Bella Mix\\node_modules\\.framer-motion-mOmzXqw3',
250 silly reify   'C:\\Users\\welli\\Desktop\\Bella Mix\\node_modules\\gensync': 'C:\\Users\\welli\\Desktop\\Bella Mix\\node_modules\\.gensync-QTaNbZdb',
250 silly reify   'C:\\Users\\welli\\Desktop\\Bella Mix\\node_modules\\get-nonce': 'C:\\Users\\welli\\Desktop\\Bella Mix\\node_modules\\.get-nonce-ia33UCir',
250 silly reify   'C:\\Users\\welli\\Desktop\\Bella Mix\\node_modules\\graceful-fs': 'C:\\Users\\welli\\Desktop\\Bella Mix\\node_modules\\.graceful-fs-LW00VLKF',
250 silly reify   'C:\\Users\\welli\\Desktop\\Bella Mix\\node_modules\\iceberg-js': 'C:\\Users\\welli\\Desktop\\Bella Mix\\node_modules\\.iceberg-js-u5uaJjEd',
250 silly reify   'C:\\Users\\welli\\Desktop\\Bella Mix\\node_modules\\input-otp': 'C:\\Users\\welli\\Desktop\\Bella Mix\\node_modules\\.input-otp-zJsviswR',
250 silly reify   'C:\\Users\\welli\\Desktop\\Bella Mix\\node_modules\\internmap': 'C:\\Users\\welli\\Desktop\\Bella Mix\\node_modules\\.internmap-khZMF1Tf',
250 silly reify   'C:\\Users\\welli\\Desktop\\Bella Mix\\node_modules\\jiti': 'C:\\Users\\welli\\Desktop\\Bella Mix\\node_modules\\.jiti-GXROVkrf',
250 silly reify   'C:\\Users\\welli\\Desktop\\Bella Mix\\node_modules\\js-tokens': 'C:\\Users\\welli\\Desktop\\Bella Mix\\node_modules\\.js-tokens-d0Aq9aKA',
250 silly reify   'C:\\Users\\welli\\Desktop\\Bella Mix\\node_modules\\jsesc': 'C:\\Users\\welli\\Desktop\\Bella Mix\\node_modules\\.jsesc-CSCIk7sn',
250 silly reify   'C:\\Users\\welli\\Desktop\\Bella Mix\\node_modules\\json5': 'C:\\Users\\welli\\Desktop\\Bella Mix\\node_modules\\.json5-iA0I98Tr',
250 silly reify   'C:\\Users\\welli\\Desktop\\Bella Mix\\node_modules\\lightningcss': 'C:\\Users\\welli\\Desktop\\Bella Mix\\node_modules\\.lightningcss-Rlvc054L',
250 silly reify   'C:\\Users\\welli\\Desktop\\Bella Mix\\node_modules\\lightningcss-win32-x64-msvc': 'C:\\Users\\welli\\Desktop\\Bella Mix\\node_modules\\.lightningcss-win32-x64-msvc-6VW5JtX1',
250 silly reify   'C:\\Users\\welli\\Desktop\\Bella Mix\\node_modules\\lodash': 'C:\\Users\\welli\\Desktop\\Bella Mix\\node_modules\\.lodash-EnDdZIFB',
250 silly reify   'C:\\Users\\welli\\Desktop\\Bella Mix\\node_modules\\loose-envify': 'C:\\Users\\welli\\Desktop\\Bella Mix\\node_modules\\.loose-envify-PtnTqzA4',
250 silly reify   'C:\\Users\\welli\\Desktop\\Bella Mix\\node_modules\\lru-cache': 'C:\\Users\\welli\\Desktop\\Bella Mix\\node_modules\\.lru-cache-Fm9YYZmc',
250 silly reify   'C:\\Users\\welli\\Desktop\\Bella Mix\\node_modules\\lucide-react': 'C:\\Users\\welli\\Desktop\\Bella Mix\\node_modules\\.lucide-react-MNZo4cHo',
250 silly reify   'C:\\Users\\welli\\Desktop\\Bella Mix\\node_modules\\magic-string': 'C:\\Users\\welli\\Desktop\\Bella Mix\\node_modules\\.magic-string-7eEppmXF',
250 silly reify   'C:\\Users\\welli\\Desktop\\Bella Mix\\node_modules\\mitt': 'C:\\Users\\welli\\Desktop\\Bella Mix\\node_modules\\.mitt-gj0sdlGe',
250 silly reify   'C:\\Users\\welli\\Desktop\\Bella Mix\\node_modules\\motion-dom': 'C:\\Users\\welli\\Desktop\\Bella Mix\\node_modules\\.motion-dom-WBNzYo58',
250 silly reify   'C:\\Users\\welli\\Desktop\\Bella Mix\\node_modules\\modern-screenshot': 'C:\\Users\\welli\\Desktop\\Bella Mix\\node_modules\\.modern-screenshot-yJw5qXYM',
250 silly reify   'C:\\Users\\welli\\Desktop\\Bella Mix\\node_modules\\motion-utils': 'C:\\Users\\welli\\Desktop\\Bella Mix\\node_modules\\.motion-utils-f0CfJnCy',
250 silly reify   'C:\\Users\\welli\\Desktop\\Bella Mix\\node_modules\\ms': 'C:\\Users\\welli\\Desktop\\Bella Mix\\node_modules\\.ms-JI8fYWI1',
250 silly reify   'C:\\Users\\welli\\Desktop\\Bella Mix\\node_modules\\nanoid': 'C:\\Users\\welli\\Desktop\\Bella Mix\\node_modules\\.nanoid-piFHOASn',
250 silly reify   'C:\\Users\\welli\\Desktop\\Bella Mix\\node_modules\\next-themes': 'C:\\Users\\welli\\Desktop\\Bella Mix\\node_modules\\.next-themes-OzbDtzFn',
250 silly reify   'C:\\Users\\welli\\Desktop\\Bella Mix\\node_modules\\node-releases': 'C:\\Users\\welli\\Desktop\\Bella Mix\\node_modules\\.node-releases-6Sn2ujSP',
250 silly reify   'C:\\Users\\welli\\Desktop\\Bella Mix\\node_modules\\picocolors': 'C:\\Users\\welli\\Desktop\\Bella Mix\\node_modules\\.picocolors-kIO4GPlj',
250 silly reify   'C:\\Users\\welli\\Desktop\\Bella Mix\\node_modules\\object-assign': 'C:\\Users\\welli\\Desktop\\Bella Mix\\node_modules\\.object-assign-SWxmXT22',
250 silly reify   'C:\\Users\\welli\\Desktop\\Bella Mix\\node_modules\\picomatch': 'C:\\Users\\welli\\Desktop\\Bella Mix\\node_modules\\.picomatch-SvMxTOiz',
250 silly reify   'C:\\Users\\welli\\Desktop\\Bella Mix\\node_modules\\postcss': 'C:\\Users\\welli\\Desktop\\Bella Mix\\node_modules\\.postcss-87kDGAt6',
250 silly reify   'C:\\Users\\welli\\Desktop\\Bella Mix\\node_modules\\postcss-selector-parser': 'C:\\Users\\welli\\Desktop\\Bella Mix\\node_modules\\.postcss-selector-parser-jfVzsHko',
250 silly reify   'C:\\Users\\welli\\Desktop\\Bella Mix\\node_modules\\prop-types': 'C:\\Users\\welli\\Desktop\\Bella Mix\\node_modules\\.prop-types-5DOdFD59',
250 silly reify   'C:\\Users\\welli\\Desktop\\Bella Mix\\node_modules\\react': 'C:\\Users\\welli\\Desktop\\Bella Mix\\node_modules\\.react-2nXPZ545',
250 silly reify   'C:\\Users\\welli\\Desktop\\Bella Mix\\node_modules\\react-day-picker': 'C:\\Users\\welli\\Desktop\\Bella Mix\\node_modules\\.react-day-picker-kBz1LPOL',
250 silly reify   'C:\\Users\\welli\\Desktop\\Bella Mix\\node_modules\\react-dom': 'C:\\Users\\welli\\Desktop\\Bella Mix\\node_modules\\.react-dom-MMC2pRXw',
250 silly reify   'C:\\Users\\welli\\Desktop\\Bella Mix\\node_modules\\react-hook-form': 'C:\\Users\\welli\\Desktop\\Bella Mix\\node_modules\\.react-hook-form-Z9IimT1o',
250 silly reify   'C:\\Users\\welli\\Desktop\\Bella Mix\\node_modules\\react-icons': 'C:\\Users\\welli\\Desktop\\Bella Mix\\node_modules\\.react-icons-Nmvf0jG1',
250 silly reify   'C:\\Users\\welli\\Desktop\\Bella Mix\\node_modules\\react-is': 'C:\\Users\\welli\\Desktop\\Bella Mix\\node_modules\\.react-is-A2meCGaJ',
250 silly reify   'C:\\Users\\welli\\Desktop\\Bella Mix\\node_modules\\react-remove-scroll': 'C:\\Users\\welli\\Desktop\\Bella Mix\\node_modules\\.react-remove-scroll-mDz1iC0Z',
250 silly reify   'C:\\Users\\welli\\Desktop\\Bella Mix\\node_modules\\react-refresh': 'C:\\Users\\welli\\Desktop\\Bella Mix\\node_modules\\.react-refresh-OsLxkajs',
250 silly reify   'C:\\Users\\welli\\Desktop\\Bella Mix\\node_modules\\react-remove-scroll-bar': 'C:\\Users\\welli\\Desktop\\Bella Mix\\node_modules\\.react-remove-scroll-bar-JYTAcTnd',
250 silly reify   'C:\\Users\\welli\\Desktop\\Bella Mix\\node_modules\\react-resizable-panels': 'C:\\Users\\welli\\Desktop\\Bella Mix\\node_modules\\.react-resizable-panels-IKLJ43ey',
250 silly reify   'C:\\Users\\welli\\Desktop\\Bella Mix\\node_modules\\react-smooth': 'C:\\Users\\welli\\Desktop\\Bella Mix\\node_modules\\.react-smooth-hyhyzKrQ',
250 silly reify   'C:\\Users\\welli\\Desktop\\Bella Mix\\node_modules\\react-style-singleton': 'C:\\Users\\welli\\Desktop\\Bella Mix\\node_modules\\.react-style-singleton-EjYkeDGx',
250 silly reify   'C:\\Users\\welli\\Desktop\\Bella Mix\\node_modules\\react-transition-group': 'C:\\Users\\welli\\Desktop\\Bella Mix\\node_modules\\.react-transition-group-TdN97kHG',
250 silly reify   'C:\\Users\\welli\\Desktop\\Bella Mix\\node_modules\\recharts': 'C:\\Users\\welli\\Desktop\\Bella Mix\\node_modules\\.recharts-7OApKDpn',
250 silly reify   'C:\\Users\\welli\\Desktop\\Bella Mix\\node_modules\\rollup': 'C:\\Users\\welli\\Desktop\\Bella Mix\\node_modules\\.rollup-dMFWc9WK',
250 silly reify   'C:\\Users\\welli\\Desktop\\Bella Mix\\node_modules\\recharts-scale': 'C:\\Users\\welli\\Desktop\\Bella Mix\\node_modules\\.recharts-scale-OljcBXPq',
250 silly reify   'C:\\Users\\welli\\Desktop\\Bella Mix\\node_modules\\regexparam': 'C:\\Users\\welli\\Desktop\\Bella Mix\\node_modules\\.regexparam-ekH3BCvA',
250 silly reify   'C:\\Users\\welli\\Desktop\\Bella Mix\\node_modules\\semver': 'C:\\Users\\welli\\Desktop\\Bella Mix\\node_modules\\.semver-ERBaSzxt',
250 silly reify   'C:\\Users\\welli\\Desktop\\Bella Mix\\node_modules\\scheduler': 'C:\\Users\\welli\\Desktop\\Bella Mix\\node_modules\\.scheduler-62kqD9um',
250 silly reify   'C:\\Users\\welli\\Desktop\\Bella Mix\\node_modules\\sonner': 'C:\\Users\\welli\\Desktop\\Bella Mix\\node_modules\\.sonner-9WUCewWk',
250 silly reify   'C:\\Users\\welli\\Desktop\\Bella Mix\\node_modules\\tailwind-merge': 'C:\\Users\\welli\\Desktop\\Bella Mix\\node_modules\\.tailwind-merge-r8YmkOMk',
250 silly reify   'C:\\Users\\welli\\Desktop\\Bella Mix\\node_modules\\source-map-js': 'C:\\Users\\welli\\Desktop\\Bella Mix\\node_modules\\.source-map-js-gehizN6q',
250 silly reify   'C:\\Users\\welli\\Desktop\\Bella Mix\\node_modules\\tailwindcss': 'C:\\Users\\welli\\Desktop\\Bella Mix\\node_modules\\.tailwindcss-Ye7lCjMJ',
250 silly reify   'C:\\Users\\welli\\Desktop\\Bella Mix\\node_modules\\tiny-invariant': 'C:\\Users\\welli\\Desktop\\Bella Mix\\node_modules\\.tiny-invariant-UZu0k9Wn',
250 silly reify   'C:\\Users\\welli\\Desktop\\Bella Mix\\node_modules\\tinyglobby': 'C:\\Users\\welli\\Desktop\\Bella Mix\\node_modules\\.tinyglobby-lrgydHQF',
250 silly reify   'C:\\Users\\welli\\Desktop\\Bella Mix\\node_modules\\tapable': 'C:\\Users\\welli\\Desktop\\Bella Mix\\node_modules\\.tapable-2XPKyRhq',
250 silly reify   'C:\\Users\\welli\\Desktop\\Bella Mix\\node_modules\\tslib': 'C:\\Users\\welli\\Desktop\\Bella Mix\\node_modules\\.tslib-CAqeDRZx',
250 silly reify   'C:\\Users\\welli\\Desktop\\Bella Mix\\node_modules\\tw-animate-css': 'C:\\Users\\welli\\Desktop\\Bella Mix\\node_modules\\.tw-animate-css-jjxNppMF',
250 silly reify   'C:\\Users\\welli\\Desktop\\Bella Mix\\node_modules\\undici-types': 'C:\\Users\\welli\\Desktop\\Bella Mix\\node_modules\\.undici-types-mN49y0Uh',
250 silly reify   'C:\\Users\\welli\\Desktop\\Bella Mix\\node_modules\\use-callback-ref': 'C:\\Users\\welli\\Desktop\\Bella Mix\\node_modules\\.use-callback-ref-zOrfj4iN',
250 silly reify   'C:\\Users\\welli\\Desktop\\Bella Mix\\node_modules\\update-browserslist-db': 'C:\\Users\\welli\\Desktop\\Bella Mix\\node_modules\\.update-browserslist-db-6YIpLFyp',
250 silly reify   'C:\\Users\\welli\\Desktop\\Bella Mix\\node_modules\\use-sidecar': 'C:\\Users\\welli\\Desktop\\Bella Mix\\node_modules\\.use-sidecar-iOugYQiG',
250 silly reify   'C:\\Users\\welli\\Desktop\\Bella Mix\\node_modules\\use-sync-external-store': 'C:\\Users\\welli\\Desktop\\Bella Mix\\node_modules\\.use-sync-external-store-kXVF8zy3',
250 silly reify   'C:\\Users\\welli\\Desktop\\Bella Mix\\node_modules\\util-deprecate': 'C:\\Users\\welli\\Desktop\\Bella Mix\\node_modules\\.util-deprecate-nYej5THN',
250 silly reify   'C:\\Users\\welli\\Desktop\\Bella Mix\\node_modules\\victory-vendor': 'C:\\Users\\welli\\Desktop\\Bella Mix\\node_modules\\.victory-vendor-gnivz23u',
250 silly reify   'C:\\Users\\welli\\Desktop\\Bella Mix\\node_modules\\vaul': 'C:\\Users\\welli\\Desktop\\Bella Mix\\node_modules\\.vaul-w62mesfB',
250 silly reify   'C:\\Users\\welli\\Desktop\\Bella Mix\\node_modules\\vite': 'C:\\Users\\welli\\Desktop\\Bella Mix\\node_modules\\.vite-oO3FfP2h',
250 silly reify   'C:\\Users\\welli\\Desktop\\Bella Mix\\node_modules\\wouter': 'C:\\Users\\welli\\Desktop\\Bella Mix\\node_modules\\.wouter-yWIGu6FV',
250 silly reify   'C:\\Users\\welli\\Desktop\\Bella Mix\\node_modules\\yallist': 'C:\\Users\\welli\\Desktop\\Bella Mix\\node_modules\\.yallist-yg88pRc4',
250 silly reify   'C:\\Users\\welli\\Desktop\\Bella Mix\\node_modules\\zod': 'C:\\Users\\welli\\Desktop\\Bella Mix\\node_modules\\.zod-BYAS8Eor',
250 silly reify   'C:\\Users\\welli\\Desktop\\Bella Mix\\node_modules\\@babel\\code-frame': 'C:\\Users\\welli\\Desktop\\Bella Mix\\node_modules\\@babel\\.code-frame-UU2RIiLx',
250 silly reify   'C:\\Users\\welli\\Desktop\\Bella Mix\\node_modules\\@babel\\compat-data': 'C:\\Users\\welli\\Desktop\\Bella Mix\\node_modules\\@babel\\.compat-data-eX2Xf2Bi',
250 silly reify   'C:\\Users\\welli\\Desktop\\Bella Mix\\node_modules\\@babel\\core': 'C:\\Users\\welli\\Desktop\\Bella Mix\\node_modules\\@babel\\.core-uiDbYWpA',
250 silly reify   'C:\\Users\\welli\\Desktop\\Bella Mix\\node_modules\\@babel\\generator': 'C:\\Users\\welli\\Desktop\\Bella Mix\\node_modules\\@babel\\.generator-61fuKxoD',
250 silly reify   'C:\\Users\\welli\\Desktop\\Bella Mix\\node_modules\\@babel\\helper-compilation-targets': 'C:\\Users\\welli\\Desktop\\Bella Mix\\node_modules\\@babel\\.helper-compilation-targets-axqbZKoL',
250 silly reify   'C:\\Users\\welli\\Desktop\\Bella Mix\\node_modules\\@babel\\helper-globals': 'C:\\Users\\welli\\Desktop\\Bella Mix\\node_modules\\@babel\\.helper-globals-mi4zqHG0',
250 silly reify   'C:\\Users\\welli\\Desktop\\Bella Mix\\node_modules\\@babel\\helper-module-imports': 'C:\\Users\\welli\\Desktop\\Bella Mix\\node_modules\\@babel\\.helper-module-imports-7hLFH0d2',
250 silly reify   'C:\\Users\\welli\\Desktop\\Bella Mix\\node_modules\\@babel\\helper-module-transforms': 'C:\\Users\\welli\\Desktop\\Bella Mix\\node_modules\\@babel\\.helper-module-transforms-1TdxVdYC',
250 silly reify   'C:\\Users\\welli\\Desktop\\Bella Mix\\node_modules\\@babel\\helper-string-parser': 'C:\\Users\\welli\\Desktop\\Bella Mix\\node_modules\\@babel\\.helper-string-parser-t8n7c6Gf',
250 silly reify   'C:\\Users\\welli\\Desktop\\Bella Mix\\node_modules\\@babel\\helper-plugin-utils': 'C:\\Users\\welli\\Desktop\\Bella Mix\\node_modules\\@babel\\.helper-plugin-utils-olcqGdg3',
250 silly reify   'C:\\Users\\welli\\Desktop\\Bella Mix\\node_modules\\@babel\\helper-validator-identifier': 'C:\\Users\\welli\\Desktop\\Bella Mix\\node_modules\\@babel\\.helper-validator-identifier-vfzc9whL',
250 silly reify   'C:\\Users\\welli\\Desktop\\Bella Mix\\node_modules\\@babel\\helper-validator-option': 'C:\\Users\\welli\\Desktop\\Bella Mix\\node_modules\\@babel\\.helper-validator-option-qYcDAxTd',
250 silly reify   'C:\\Users\\welli\\Desktop\\Bella Mix\\node_modules\\@babel\\helpers': 'C:\\Users\\welli\\Desktop\\Bella Mix\\node_modules\\@babel\\.helpers-1qkpN02J',
250 silly reify   'C:\\Users\\welli\\Desktop\\Bella Mix\\node_modules\\@babel\\parser': 'C:\\Users\\welli\\Desktop\\Bella Mix\\node_modules\\@babel\\.parser-wahLSdzY',
250 silly reify   'C:\\Users\\welli\\Desktop\\Bella Mix\\node_modules\\@babel\\plugin-transform-react-jsx-self': 'C:\\Users\\welli\\Desktop\\Bella Mix\\node_modules\\@babel\\.plugin-transform-react-jsx-self-PftVQwJ2',
250 silly reify   'C:\\Users\\welli\\Desktop\\Bella Mix\\node_modules\\@babel\\plugin-transform-react-jsx-source': 'C:\\Users\\welli\\Desktop\\Bella Mix\\node_modules\\@babel\\.plugin-transform-react-jsx-source-5t4GOP4c',
250 silly reify   'C:\\Users\\welli\\Desktop\\Bella Mix\\node_modules\\@babel\\runtime': 'C:\\Users\\welli\\Desktop\\Bella Mix\\node_modules\\@babel\\.runtime-12lQ8y1m',
250 silly reify   'C:\\Users\\welli\\Desktop\\Bella Mix\\node_modules\\@babel\\template': 'C:\\Users\\welli\\Desktop\\Bella Mix\\node_modules\\@babel\\.template-eFmXo36r',
250 silly reify   'C:\\Users\\welli\\Desktop\\Bella Mix\\node_modules\\@babel\\traverse': 'C:\\Users\\welli\\Desktop\\Bella Mix\\node_modules\\@babel\\.traverse-yXnZbkkU',
250 silly reify   'C:\\Users\\welli\\Desktop\\Bella Mix\\node_modules\\@babel\\types': 'C:\\Users\\welli\\Desktop\\Bella Mix\\node_modules\\@babel\\.types-VQrKhTMV',
250 silly reify   'C:\\Users\\welli\\Desktop\\Bella Mix\\node_modules\\@date-fns\\tz': 'C:\\Users\\welli\\Desktop\\Bella Mix\\node_modules\\@date-fns\\.tz-TkNcDVzd',
250 silly reify   'C:\\Users\\welli\\Desktop\\Bella Mix\\node_modules\\@esbuild\\win32-x64': 'C:\\Users\\welli\\Desktop\\Bella Mix\\node_modules\\@esbuild\\.win32-x64-W70Nufi0',
250 silly reify   'C:\\Users\\welli\\Desktop\\Bella Mix\\node_modules\\@hookform\\resolvers': 'C:\\Users\\welli\\Desktop\\Bella Mix\\node_modules\\@hookform\\.resolvers-KNtDn9Ih',
250 silly reify   'C:\\Users\\welli\\Desktop\\Bella Mix\\node_modules\\@floating-ui\\core': 'C:\\Users\\welli\\Desktop\\Bella Mix\\node_modules\\@floating-ui\\.core-CwDBixqi',
250 silly reify   'C:\\Users\\welli\\Desktop\\Bella Mix\\node_modules\\@floating-ui\\dom': 'C:\\Users\\welli\\Desktop\\Bella Mix\\node_modules\\@floating-ui\\.dom-XntNvK8b',
250 silly reify   'C:\\Users\\welli\\Desktop\\Bella Mix\\node_modules\\@floating-ui\\react-dom': 'C:\\Users\\welli\\Desktop\\Bella Mix\\node_modules\\@floating-ui\\.react-dom-wkDh9U4L',
250 silly reify   'C:\\Users\\welli\\Desktop\\Bella Mix\\node_modules\\@floating-ui\\utils': 'C:\\Users\\welli\\Desktop\\Bella Mix\\node_modules\\@floating-ui\\.utils-NyPaJE10',
250 silly reify   'C:\\Users\\welli\\Desktop\\Bella Mix\\node_modules\\@jridgewell\\gen-mapping': 'C:\\Users\\welli\\Desktop\\Bella Mix\\node_modules\\@jridgewell\\.gen-mapping-CyeCerO6',
250 silly reify   'C:\\Users\\welli\\Desktop\\Bella Mix\\node_modules\\@jridgewell\\remapping': 'C:\\Users\\welli\\Desktop\\Bella Mix\\node_modules\\@jridgewell\\.remapping-fJTwtXRJ',
250 silly reify   'C:\\Users\\welli\\Desktop\\Bella Mix\\node_modules\\@jridgewell\\resolve-uri': 'C:\\Users\\welli\\Desktop\\Bella Mix\\node_modules\\@jridgewell\\.resolve-uri-rWH9tPrQ',
250 silly reify   'C:\\Users\\welli\\Desktop\\Bella Mix\\node_modules\\@jridgewell\\trace-mapping': 'C:\\Users\\welli\\Desktop\\Bella Mix\\node_modules\\@jridgewell\\.trace-mapping-g3V6c84F',
250 silly reify   'C:\\Users\\welli\\Desktop\\Bella Mix\\node_modules\\@jridgewell\\sourcemap-codec': 'C:\\Users\\welli\\Desktop\\Bella Mix\\node_modules\\@jridgewell\\.sourcemap-codec-XphAhOWN',
250 silly reify   'C:\\Users\\welli\\Desktop\\Bella Mix\\node_modules\\@radix-ui\\number': 'C:\\Users\\welli\\Desktop\\Bella Mix\\node_modules\\@radix-ui\\.number-olKBAMoX',
250 silly reify   'C:\\Users\\welli\\Desktop\\Bella Mix\\node_modules\\@radix-ui\\primitive': 'C:\\Users\\welli\\Desktop\\Bella Mix\\node_modules\\@radix-ui\\.primitive-qh3c9TxE',
250 silly reify   'C:\\Users\\welli\\Desktop\\Bella Mix\\node_modules\\@radix-ui\\react-accordion': 'C:\\Users\\welli\\Desktop\\Bella Mix\\node_modules\\@radix-ui\\.react-accordion-I7NnMoqH',
250 silly reify   'C:\\Users\\welli\\Desktop\\Bella Mix\\node_modules\\@radix-ui\\react-alert-dialog': 'C:\\Users\\welli\\Desktop\\Bella Mix\\node_modules\\@radix-ui\\.react-alert-dialog-D0GCTA9A',
250 silly reify   'C:\\Users\\welli\\Desktop\\Bella Mix\\node_modules\\@radix-ui\\react-aspect-ratio': 'C:\\Users\\welli\\Desktop\\Bella Mix\\node_modules\\@radix-ui\\.react-aspect-ratio-ItYrqvYK',
250 silly reify   'C:\\Users\\welli\\Desktop\\Bella Mix\\node_modules\\@radix-ui\\react-arrow': 'C:\\Users\\welli\\Desktop\\Bella Mix\\node_modules\\@radix-ui\\.react-arrow-9TrmeM3f',
250 silly reify   'C:\\Users\\welli\\Desktop\\Bella Mix\\node_modules\\@radix-ui\\react-checkbox': 'C:\\Users\\welli\\Desktop\\Bella Mix\\node_modules\\@radix-ui\\.react-checkbox-zkREV7KU',
250 silly reify   'C:\\Users\\welli\\Desktop\\Bella Mix\\node_modules\\@radix-ui\\react-avatar': 'C:\\Users\\welli\\Desktop\\Bella Mix\\node_modules\\@radix-ui\\.react-avatar-73zZkp87',
250 silly reify   'C:\\Users\\welli\\Desktop\\Bella Mix\\node_modules\\@radix-ui\\react-collapsible': 'C:\\Users\\welli\\Desktop\\Bella Mix\\node_modules\\@radix-ui\\.react-collapsible-IMBnLecu',
250 silly reify   'C:\\Users\\welli\\Desktop\\Bella Mix\\node_modules\\@radix-ui\\react-collection': 'C:\\Users\\welli\\Desktop\\Bella Mix\\node_modules\\@radix-ui\\.react-collection-wxr9SluZ',
250 silly reify   'C:\\Users\\welli\\Desktop\\Bella Mix\\node_modules\\@radix-ui\\react-context': 'C:\\Users\\welli\\Desktop\\Bella Mix\\node_modules\\@radix-ui\\.react-context-FOnOGuSL',
250 silly reify   'C:\\Users\\welli\\Desktop\\Bella Mix\\node_modules\\@radix-ui\\react-compose-refs': 'C:\\Users\\welli\\Desktop\\Bella Mix\\node_modules\\@radix-ui\\.react-compose-refs-XU0qtSij',
250 silly reify   'C:\\Users\\welli\\Desktop\\Bella Mix\\node_modules\\@radix-ui\\react-context-menu': 'C:\\Users\\welli\\Desktop\\Bella Mix\\node_modules\\@radix-ui\\.react-context-menu-WofF3DJ9',
250 silly reify   'C:\\Users\\welli\\Desktop\\Bella Mix\\node_modules\\@radix-ui\\react-dialog': 'C:\\Users\\welli\\Desktop\\Bella Mix\\node_modules\\@radix-ui\\.react-dialog-eL5d3cLp',
250 silly reify   'C:\\Users\\welli\\Desktop\\Bella Mix\\node_modules\\@radix-ui\\react-direction': 'C:\\Users\\welli\\Desktop\\Bella Mix\\node_modules\\@radix-ui\\.react-direction-2mOmB5Io',
250 silly reify   'C:\\Users\\welli\\Desktop\\Bella Mix\\node_modules\\@radix-ui\\react-dismissable-layer': 'C:\\Users\\welli\\Desktop\\Bella Mix\\node_modules\\@radix-ui\\.react-dismissable-layer-09mrsYH3',
250 silly reify   'C:\\Users\\welli\\Desktop\\Bella Mix\\node_modules\\@radix-ui\\react-dropdown-menu': 'C:\\Users\\welli\\Desktop\\Bella Mix\\node_modules\\@radix-ui\\.react-dropdown-menu-1gkyBTPw',
250 silly reify   'C:\\Users\\welli\\Desktop\\Bella Mix\\node_modules\\@radix-ui\\react-hover-card': 'C:\\Users\\welli\\Desktop\\Bella Mix\\node_modules\\@radix-ui\\.react-hover-card-KusUnksC',
250 silly reify   'C:\\Users\\welli\\Desktop\\Bella Mix\\node_modules\\@radix-ui\\react-focus-guards': 'C:\\Users\\welli\\Desktop\\Bella Mix\\node_modules\\@radix-ui\\.react-focus-guards-gAsDklOx',
250 silly reify   'C:\\Users\\welli\\Desktop\\Bella Mix\\node_modules\\@radix-ui\\react-focus-scope': 'C:\\Users\\welli\\Desktop\\Bella Mix\\node_modules\\@radix-ui\\.react-focus-scope-m9o8HjnV',
250 silly reify   'C:\\Users\\welli\\Desktop\\Bella Mix\\node_modules\\@radix-ui\\react-label': 'C:\\Users\\welli\\Desktop\\Bella Mix\\node_modules\\@radix-ui\\.react-label-caD5EbND',
250 silly reify   'C:\\Users\\welli\\Desktop\\Bella Mix\\node_modules\\@radix-ui\\react-id': 'C:\\Users\\welli\\Desktop\\Bella Mix\\node_modules\\@radix-ui\\.react-id-5Zbyrj76',
250 silly reify   'C:\\Users\\welli\\Desktop\\Bella Mix\\node_modules\\@radix-ui\\react-menubar': 'C:\\Users\\welli\\Desktop\\Bella Mix\\node_modules\\@radix-ui\\.react-menubar-6N94xFtJ',
250 silly reify   'C:\\Users\\welli\\Desktop\\Bella Mix\\node_modules\\@radix-ui\\react-navigation-menu': 'C:\\Users\\welli\\Desktop\\Bella Mix\\node_modules\\@radix-ui\\.react-navigation-menu-Jv20BjPb',
250 silly reify   'C:\\Users\\welli\\Desktop\\Bella Mix\\node_modules\\@radix-ui\\react-menu': 'C:\\Users\\welli\\Desktop\\Bella Mix\\node_modules\\@radix-ui\\.react-menu-RCiFyLCn',
250 silly reify   'C:\\Users\\welli\\Desktop\\Bella Mix\\node_modules\\@radix-ui\\react-popover': 'C:\\Users\\welli\\Desktop\\Bella Mix\\node_modules\\@radix-ui\\.react-popover-srwJ7E6D',
250 silly reify   'C:\\Users\\welli\\Desktop\\Bella Mix\\node_modules\\@radix-ui\\react-portal': 'C:\\Users\\welli\\Desktop\\Bella Mix\\node_modules\\@radix-ui\\.react-portal-Hv10pqud',
250 silly reify   'C:\\Users\\welli\\Desktop\\Bella Mix\\node_modules\\@radix-ui\\react-popper': 'C:\\Users\\welli\\Desktop\\Bella Mix\\node_modules\\@radix-ui\\.react-popper-Yj02soid',
250 silly reify   'C:\\Users\\welli\\Desktop\\Bella Mix\\node_modules\\@radix-ui\\react-presence': 'C:\\Users\\welli\\Desktop\\Bella Mix\\node_modules\\@radix-ui\\.react-presence-2UCYSVxo',
250 silly reify   'C:\\Users\\welli\\Desktop\\Bella Mix\\node_modules\\@radix-ui\\react-primitive': 'C:\\Users\\welli\\Desktop\\Bella Mix\\node_modules\\@radix-ui\\.react-primitive-icHvW9G1',
250 silly reify   'C:\\Users\\welli\\Desktop\\Bella Mix\\node_modules\\@radix-ui\\react-progress': 'C:\\Users\\welli\\Desktop\\Bella Mix\\node_modules\\@radix-ui\\.react-progress-N0nUHm0y',
250 silly reify   'C:\\Users\\welli\\Desktop\\Bella Mix\\node_modules\\@radix-ui\\react-radio-group': 'C:\\Users\\welli\\Desktop\\Bella Mix\\node_modules\\@radix-ui\\.react-radio-group-aNjGFPre',
250 silly reify   'C:\\Users\\welli\\Desktop\\Bella Mix\\node_modules\\@radix-ui\\react-roving-focus': 'C:\\Users\\welli\\Desktop\\Bella Mix\\node_modules\\@radix-ui\\.react-roving-focus-EEiEJ9K2',
250 silly reify   'C:\\Users\\welli\\Desktop\\Bella Mix\\node_modules\\@radix-ui\\react-scroll-area': 'C:\\Users\\welli\\Desktop\\Bella Mix\\node_modules\\@radix-ui\\.react-scroll-area-E2YJ6IxO',
250 silly reify   'C:\\Users\\welli\\Desktop\\Bella Mix\\node_modules\\@radix-ui\\react-select': 'C:\\Users\\welli\\Desktop\\Bella Mix\\node_modules\\@radix-ui\\.react-select-0qqYJtgY',
250 silly reify   'C:\\Users\\welli\\Desktop\\Bella Mix\\node_modules\\@radix-ui\\react-separator': 'C:\\Users\\welli\\Desktop\\Bella Mix\\node_modules\\@radix-ui\\.react-separator-q0W4afnu',
250 silly reify   'C:\\Users\\welli\\Desktop\\Bella Mix\\node_modules\\@radix-ui\\react-slider': 'C:\\Users\\welli\\Desktop\\Bella Mix\\node_modules\\@radix-ui\\.react-slider-GZFfS3pW',
250 silly reify   'C:\\Users\\welli\\Desktop\\Bella Mix\\node_modules\\@radix-ui\\react-slot': 'C:\\Users\\welli\\Desktop\\Bella Mix\\node_modules\\@radix-ui\\.react-slot-wL1cWggp',
250 silly reify   'C:\\Users\\welli\\Desktop\\Bella Mix\\node_modules\\@radix-ui\\react-switch': 'C:\\Users\\welli\\Desktop\\Bella Mix\\node_modules\\@radix-ui\\.react-switch-oqV6HcJj',
250 silly reify   'C:\\Users\\welli\\Desktop\\Bella Mix\\node_modules\\@radix-ui\\react-tabs': 'C:\\Users\\welli\\Desktop\\Bella Mix\\node_modules\\@radix-ui\\.react-tabs-zmYo7moK',
250 silly reify   'C:\\Users\\welli\\Desktop\\Bella Mix\\node_modules\\@radix-ui\\react-toast': 'C:\\Users\\welli\\Desktop\\Bella Mix\\node_modules\\@radix-ui\\.react-toast-KE2tI3ro',
250 silly reify   'C:\\Users\\welli\\Desktop\\Bella Mix\\node_modules\\@radix-ui\\react-toggle': 'C:\\Users\\welli\\Desktop\\Bella Mix\\node_modules\\@radix-ui\\.react-toggle-5ClUOVHd',
250 silly reify   'C:\\Users\\welli\\Desktop\\Bella Mix\\node_modules\\@radix-ui\\react-toggle-group': 'C:\\Users\\welli\\Desktop\\Bella Mix\\node_modules\\@radix-ui\\.react-toggle-group-mmX478A1',
250 silly reify   'C:\\Users\\welli\\Desktop\\Bella Mix\\node_modules\\@radix-ui\\react-tooltip': 'C:\\Users\\welli\\Desktop\\Bella Mix\\node_modules\\@radix-ui\\.react-tooltip-yimmpvwb',
250 silly reify   'C:\\Users\\welli\\Desktop\\Bella Mix\\node_modules\\@radix-ui\\react-use-callback-ref': 'C:\\Users\\welli\\Desktop\\Bella Mix\\node_modules\\@radix-ui\\.react-use-callback-ref-PgiJoMBz',
250 silly reify   'C:\\Users\\welli\\Desktop\\Bella Mix\\node_modules\\@radix-ui\\react-use-controllable-state': 'C:\\Users\\welli\\Desktop\\Bella Mix\\node_modules\\@radix-ui\\.react-use-controllable-state-BPcoXTup',
250 silly reify   'C:\\Users\\welli\\Desktop\\Bella Mix\\node_modules\\@radix-ui\\react-use-escape-keydown': 'C:\\Users\\welli\\Desktop\\Bella Mix\\node_modules\\@radix-ui\\.react-use-escape-keydown-uqtlw7eg',
250 silly reify   'C:\\Users\\welli\\Desktop\\Bella Mix\\node_modules\\@radix-ui\\react-use-is-hydrated': 'C:\\Users\\welli\\Desktop\\Bella Mix\\node_modules\\@radix-ui\\.react-use-is-hydrated-GfdinKuc',
250 silly reify   'C:\\Users\\welli\\Desktop\\Bella Mix\\node_modules\\@radix-ui\\react-use-layout-effect': 'C:\\Users\\welli\\Desktop\\Bella Mix\\node_modules\\@radix-ui\\.react-use-layout-effect-4YRUwDrG',
250 silly reify   'C:\\Users\\welli\\Desktop\\Bella Mix\\node_modules\\@radix-ui\\react-use-effect-event': 'C:\\Users\\welli\\Desktop\\Bella Mix\\node_modules\\@radix-ui\\.react-use-effect-event-qtpfpey4',
250 silly reify   'C:\\Users\\welli\\Desktop\\Bella Mix\\node_modules\\@radix-ui\\react-use-previous': 'C:\\Users\\welli\\Desktop\\Bella Mix\\node_modules\\@radix-ui\\.react-use-previous-PQ0B92f6',
250 silly reify   'C:\\Users\\welli\\Desktop\\Bella Mix\\node_modules\\@radix-ui\\react-use-rect': 'C:\\Users\\welli\\Desktop\\Bella Mix\\node_modules\\@radix-ui\\.react-use-rect-NID1Jw8R',
250 silly reify   'C:\\Users\\welli\\Desktop\\Bella Mix\\node_modules\\@radix-ui\\react-use-size': 'C:\\Users\\welli\\Desktop\\Bella Mix\\node_modules\\@radix-ui\\.react-use-size-bmVLQmHx',
250 silly reify   'C:\\Users\\welli\\Desktop\\Bella Mix\\node_modules\\@radix-ui\\react-visually-hidden': 'C:\\Users\\welli\\Desktop\\Bella Mix\\node_modules\\@radix-ui\\.react-visually-hidden-lVgelEVj',
250 silly reify   'C:\\Users\\welli\\Desktop\\Bella Mix\\node_modules\\@radix-ui\\rect': 'C:\\Users\\welli\\Desktop\\Bella Mix\\node_modules\\@radix-ui\\.rect-lhp1LbnJ',
250 silly reify   'C:\\Users\\welli\\Desktop\\Bella Mix\\node_modules\\@replit\\vite-plugin-cartographer': 'C:\\Users\\welli\\Desktop\\Bella Mix\\node_modules\\@replit\\.vite-plugin-cartographer-FtKSxFF7',
250 silly reify   'C:\\Users\\welli\\Desktop\\Bella Mix\\node_modules\\@replit\\vite-plugin-dev-banner': 'C:\\Users\\welli\\Desktop\\Bella Mix\\node_modules\\@replit\\.vite-plugin-dev-banner-dKDkfSVi',
250 silly reify   'C:\\Users\\welli\\Desktop\\Bella Mix\\node_modules\\@replit\\vite-plugin-runtime-error-modal': 'C:\\Users\\welli\\Desktop\\Bella Mix\\node_modules\\@replit\\.vite-plugin-runtime-error-modal-4PBeRQMh',
250 silly reify   'C:\\Users\\welli\\Desktop\\Bella Mix\\node_modules\\@rollup\\rollup-win32-x64-gnu': 'C:\\Users\\welli\\Desktop\\Bella Mix\\node_modules\\@rollup\\.rollup-win32-x64-gnu-RevAmgWY',
250 silly reify   'C:\\Users\\welli\\Desktop\\Bella Mix\\node_modules\\@rollup\\rollup-win32-x64-msvc': 'C:\\Users\\welli\\Desktop\\Bella Mix\\node_modules\\@rollup\\.rollup-win32-x64-msvc-yREtBydt',
250 silly reify   'C:\\Users\\welli\\Desktop\\Bella Mix\\node_modules\\@rolldown\\pluginutils': 'C:\\Users\\welli\\Desktop\\Bella Mix\\node_modules\\@rolldown\\.pluginutils-LWP790P8',
250 silly reify   'C:\\Users\\welli\\Desktop\\Bella Mix\\node_modules\\@supabase\\auth-js': 'C:\\Users\\welli\\Desktop\\Bella Mix\\node_modules\\@supabase\\.auth-js-i0HcQlbE',
250 silly reify   'C:\\Users\\welli\\Desktop\\Bella Mix\\node_modules\\@supabase\\functions-js': 'C:\\Users\\welli\\Desktop\\Bella Mix\\node_modules\\@supabase\\.functions-js-sWOTXdaw',
250 silly reify   'C:\\Users\\welli\\Desktop\\Bella Mix\\node_modules\\@supabase\\phoenix': 'C:\\Users\\welli\\Desktop\\Bella Mix\\node_modules\\@supabase\\.phoenix-uLxh5F9p',
250 silly reify   'C:\\Users\\welli\\Desktop\\Bella Mix\\node_modules\\@supabase\\storage-js': 'C:\\Users\\welli\\Desktop\\Bella Mix\\node_modules\\@supabase\\.storage-js-1olinBB4',
250 silly reify   'C:\\Users\\welli\\Desktop\\Bella Mix\\node_modules\\@supabase\\realtime-js': 'C:\\Users\\welli\\Desktop\\Bella Mix\\node_modules\\@supabase\\.realtime-js-GzrYXkWo',
250 silly reify   'C:\\Users\\welli\\Desktop\\Bella Mix\\node_modules\\@supabase\\supabase-js': 'C:\\Users\\welli\\Desktop\\Bella Mix\\node_modules\\@supabase\\.supabase-js-Rs38hojl',
250 silly reify   'C:\\Users\\welli\\Desktop\\Bella Mix\\node_modules\\@supabase\\postgrest-js': 'C:\\Users\\welli\\Desktop\\Bella Mix\\node_modules\\@supabase\\.postgrest-js-HzZkNrTF',
250 silly reify   'C:\\Users\\welli\\Desktop\\Bella Mix\\node_modules\\@tailwindcss\\node': 'C:\\Users\\welli\\Desktop\\Bella Mix\\node_modules\\@tailwindcss\\.node-6FPplM3R',
250 silly reify   'C:\\Users\\welli\\Desktop\\Bella Mix\\node_modules\\@tailwindcss\\oxide': 'C:\\Users\\welli\\Desktop\\Bella Mix\\node_modules\\@tailwindcss\\.oxide-RboiRC3l',
250 silly reify   'C:\\Users\\welli\\Desktop\\Bella Mix\\node_modules\\@tailwindcss\\oxide-win32-x64-msvc': 'C:\\Users\\welli\\Desktop\\Bella Mix\\node_modules\\@tailwindcss\\.oxide-win32-x64-msvc-1M3TYxg6',
250 silly reify   'C:\\Users\\welli\\Desktop\\Bella Mix\\node_modules\\@tailwindcss\\typography': 'C:\\Users\\welli\\Desktop\\Bella Mix\\node_modules\\@tailwindcss\\.typography-m2ftQQig',
250 silly reify   'C:\\Users\\welli\\Desktop\\Bella Mix\\node_modules\\@tailwindcss\\vite': 'C:\\Users\\welli\\Desktop\\Bella Mix\\node_modules\\@tailwindcss\\.vite-p7dykDN5',
250 silly reify   'C:\\Users\\welli\\Desktop\\Bella Mix\\node_modules\\@tabby_ai\\hijri-converter': 'C:\\Users\\welli\\Desktop\\Bella Mix\\node_modules\\@tabby_ai\\.hijri-converter-UWy1Vt4k',
250 silly reify   'C:\\Users\\welli\\Desktop\\Bella Mix\\node_modules\\@tanstack\\query-core': 'C:\\Users\\welli\\Desktop\\Bella Mix\\node_modules\\@tanstack\\.query-core-f9ZXC0Qv',
250 silly reify   'C:\\Users\\welli\\Desktop\\Bella Mix\\node_modules\\@tanstack\\react-query': 'C:\\Users\\welli\\Desktop\\Bella Mix\\node_modules\\@tanstack\\.react-query-ZNDsOPBb',
250 silly reify   'C:\\Users\\welli\\Desktop\\Bella Mix\\node_modules\\@types\\babel__core': 'C:\\Users\\welli\\Desktop\\Bella Mix\\node_modules\\@types\\.babel__core-Stfng58F',
250 silly reify   'C:\\Users\\welli\\Desktop\\Bella Mix\\node_modules\\@types\\babel__generator': 'C:\\Users\\welli\\Desktop\\Bella Mix\\node_modules\\@types\\.babel__generator-gCAS5Kiv',
250 silly reify   'C:\\Users\\welli\\Desktop\\Bella Mix\\node_modules\\@types\\babel__template': 'C:\\Users\\welli\\Desktop\\Bella Mix\\node_modules\\@types\\.babel__template-JIBP0mKm',
250 silly reify   'C:\\Users\\welli\\Desktop\\Bella Mix\\node_modules\\@types\\babel__traverse': 'C:\\Users\\welli\\Desktop\\Bella Mix\\node_modules\\@types\\.babel__traverse-HVUFFKvL',
250 silly reify   'C:\\Users\\welli\\Desktop\\Bella Mix\\node_modules\\@types\\d3-array': 'C:\\Users\\welli\\Desktop\\Bella Mix\\node_modules\\@types\\.d3-array-Jkh0Jn4S',
250 silly reify   'C:\\Users\\welli\\Desktop\\Bella Mix\\node_modules\\@types\\d3-color': 'C:\\Users\\welli\\Desktop\\Bella Mix\\node_modules\\@types\\.d3-color-6HLtmsvD',
250 silly reify   'C:\\Users\\welli\\Desktop\\Bella Mix\\node_modules\\@types\\d3-ease': 'C:\\Users\\welli\\Desktop\\Bella Mix\\node_modules\\@types\\.d3-ease-jy4Yfv8k',
250 silly reify   'C:\\Users\\welli\\Desktop\\Bella Mix\\node_modules\\@types\\d3-interpolate': 'C:\\Users\\welli\\Desktop\\Bella Mix\\node_modules\\@types\\.d3-interpolate-9jagWynQ',
250 silly reify   'C:\\Users\\welli\\Desktop\\Bella Mix\\node_modules\\@types\\d3-path': 'C:\\Users\\welli\\Desktop\\Bella Mix\\node_modules\\@types\\.d3-path-7oBmNfmR',
250 silly reify   'C:\\Users\\welli\\Desktop\\Bella Mix\\node_modules\\@types\\d3-scale': 'C:\\Users\\welli\\Desktop\\Bella Mix\\node_modules\\@types\\.d3-scale-jQ7BCcnP',
250 silly reify   'C:\\Users\\welli\\Desktop\\Bella Mix\\node_modules\\@types\\d3-shape': 'C:\\Users\\welli\\Desktop\\Bella Mix\\node_modules\\@types\\.d3-shape-gZXZUo8S',
250 silly reify   'C:\\Users\\welli\\Desktop\\Bella Mix\\node_modules\\@types\\d3-time': 'C:\\Users\\welli\\Desktop\\Bella Mix\\node_modules\\@types\\.d3-time-L9eVCxir',
250 silly reify   'C:\\Users\\welli\\Desktop\\Bella Mix\\node_modules\\@types\\d3-timer': 'C:\\Users\\welli\\Desktop\\Bella Mix\\node_modules\\@types\\.d3-timer-eDSTqHTu',
250 silly reify   'C:\\Users\\welli\\Desktop\\Bella Mix\\node_modules\\@types\\estree': 'C:\\Users\\welli\\Desktop\\Bella Mix\\node_modules\\@types\\.estree-UFBQV7I9',
250 silly reify   'C:\\Users\\welli\\Desktop\\Bella Mix\\node_modules\\@types\\node': 'C:\\Users\\welli\\Desktop\\Bella Mix\\node_modules\\@types\\.node-R6Wu4jeG',
250 silly reify   'C:\\Users\\welli\\Desktop\\Bella Mix\\node_modules\\@types\\react': 'C:\\Users\\welli\\Desktop\\Bella Mix\\node_modules\\@types\\.react-UWhF14iv',
250 silly reify   'C:\\Users\\welli\\Desktop\\Bella Mix\\node_modules\\@types\\react-dom': 'C:\\Users\\welli\\Desktop\\Bella Mix\\node_modules\\@types\\.react-dom-idWsdffM',
250 silly reify   'C:\\Users\\welli\\Desktop\\Bella Mix\\node_modules\\@vitejs\\plugin-react': 'C:\\Users\\welli\\Desktop\\Bella Mix\\node_modules\\@vitejs\\.plugin-react-031xOh4d'
250 silly reify }
251 http cache @vitejs/plugin-react@https://registry.npmjs.org/@vitejs/plugin-react/-/plugin-react-5.2.0.tgz 1ms (cache hit)
252 http cache @types/react-dom@https://registry.npmjs.org/@types/react-dom/-/react-dom-19.2.3.tgz 0ms (cache hit)
253 http cache @types/node@https://registry.npmjs.org/@types/node/-/node-25.9.3.tgz 0ms (cache hit)
254 http cache @types/estree@https://registry.npmjs.org/@types/estree/-/estree-1.0.9.tgz 0ms (cache hit)
255 http cache @types/react@https://registry.npmjs.org/@types/react/-/react-19.2.17.tgz 0ms (cache hit)
256 http cache @types/d3-time@https://registry.npmjs.org/@types/d3-time/-/d3-time-3.0.4.tgz 0ms (cache hit)
257 http cache @types/d3-timer@https://registry.npmjs.org/@types/d3-timer/-/d3-timer-3.0.2.tgz 0ms (cache hit)
258 http cache @types/d3-shape@https://registry.npmjs.org/@types/d3-shape/-/d3-shape-3.1.8.tgz 0ms (cache hit)
259 http cache @types/d3-scale@https://registry.npmjs.org/@types/d3-scale/-/d3-scale-4.0.9.tgz 0ms (cache hit)
260 http cache @types/d3-path@https://registry.npmjs.org/@types/d3-path/-/d3-path-3.1.1.tgz 0ms (cache hit)
261 http cache @types/d3-interpolate@https://registry.npmjs.org/@types/d3-interpolate/-/d3-interpolate-3.0.4.tgz 0ms (cache hit)
262 http cache @types/d3-ease@https://registry.npmjs.org/@types/d3-ease/-/d3-ease-3.0.2.tgz 0ms (cache hit)
263 http cache @types/d3-color@https://registry.npmjs.org/@types/d3-color/-/d3-color-3.1.3.tgz 0ms (cache hit)
264 http cache @types/d3-array@https://registry.npmjs.org/@types/d3-array/-/d3-array-3.2.2.tgz 0ms (cache hit)
265 http cache @types/babel__generator@https://registry.npmjs.org/@types/babel__generator/-/babel__generator-7.27.0.tgz 0ms (cache hit)
266 http cache @types/babel__traverse@https://registry.npmjs.org/@types/babel__traverse/-/babel__traverse-7.28.0.tgz 0ms (cache hit)
267 http cache @tanstack/react-query@https://registry.npmjs.org/@tanstack/react-query/-/react-query-5.101.0.tgz 0ms (cache hit)
268 http cache @types/babel__template@https://registry.npmjs.org/@types/babel__template/-/babel__template-7.4.4.tgz 0ms (cache hit)
269 http cache @tailwindcss/vite@https://registry.npmjs.org/@tailwindcss/vite/-/vite-4.3.0.tgz 0ms (cache hit)
270 http cache @types/babel__core@https://registry.npmjs.org/@types/babel__core/-/babel__core-7.20.5.tgz 0ms (cache hit)
271 http cache @tabby_ai/hijri-converter@https://registry.npmjs.org/@tabby_ai/hijri-converter/-/hijri-converter-1.0.5.tgz 0ms (cache hit)
272 http cache @tailwindcss/oxide-win32-x64-msvc@https://registry.npmjs.org/@tailwindcss/oxide-win32-x64-msvc/-/oxide-win32-x64-msvc-4.3.0.tgz 0ms (cache hit)
273 http cache @tailwindcss/oxide@https://registry.npmjs.org/@tailwindcss/oxide/-/oxide-4.3.0.tgz 0ms (cache hit)
274 http cache @tailwindcss/typography@https://registry.npmjs.org/@tailwindcss/typography/-/typography-0.5.20.tgz 0ms (cache hit)
275 http cache @tailwindcss/node@https://registry.npmjs.org/@tailwindcss/node/-/node-4.3.0.tgz 0ms (cache hit)
276 http cache @tanstack/query-core@https://registry.npmjs.org/@tanstack/query-core/-/query-core-5.101.0.tgz 0ms (cache hit)
277 http cache @supabase/postgrest-js@https://registry.npmjs.org/@supabase/postgrest-js/-/postgrest-js-2.108.1.tgz 0ms (cache hit)
278 http cache @supabase/realtime-js@https://registry.npmjs.org/@supabase/realtime-js/-/realtime-js-2.108.1.tgz 0ms (cache hit)
279 http cache @supabase/supabase-js@https://registry.npmjs.org/@supabase/supabase-js/-/supabase-js-2.108.1.tgz 0ms (cache hit)
280 http cache @supabase/storage-js@https://registry.npmjs.org/@supabase/storage-js/-/storage-js-2.108.1.tgz 0ms (cache hit)
281 http cache @rolldown/pluginutils@https://registry.npmjs.org/@rolldown/pluginutils/-/pluginutils-1.0.0-rc.3.tgz 0ms (cache hit)
282 http cache @supabase/phoenix@https://registry.npmjs.org/@supabase/phoenix/-/phoenix-0.4.2.tgz 0ms (cache hit)
283 http cache @rollup/rollup-win32-x64-msvc@https://registry.npmjs.org/@rollup/rollup-win32-x64-msvc/-/rollup-win32-x64-msvc-4.61.1.tgz 0ms (cache hit)
284 http cache @rollup/rollup-win32-x64-gnu@https://registry.npmjs.org/@rollup/rollup-win32-x64-gnu/-/rollup-win32-x64-gnu-4.61.1.tgz 0ms (cache hit)
285 http cache @supabase/auth-js@https://registry.npmjs.org/@supabase/auth-js/-/auth-js-2.108.1.tgz 0ms (cache hit)
286 http cache @supabase/functions-js@https://registry.npmjs.org/@supabase/functions-js/-/functions-js-2.108.1.tgz 0ms (cache hit)
287 http cache @radix-ui/rect@https://registry.npmjs.org/@radix-ui/rect/-/rect-1.1.2.tgz 0ms (cache hit)
288 http cache @replit/vite-plugin-runtime-error-modal@https://registry.npmjs.org/@replit/vite-plugin-runtime-error-modal/-/vite-plugin-runtime-error-modal-0.0.6.tgz 0ms (cache hit)
289 http cache @replit/vite-plugin-dev-banner@https://registry.npmjs.org/@replit/vite-plugin-dev-banner/-/vite-plugin-dev-banner-0.1.2.tgz 0ms (cache hit)
290 http cache @replit/vite-plugin-cartographer@https://registry.npmjs.org/@replit/vite-plugin-cartographer/-/vite-plugin-cartographer-0.5.21.tgz 0ms (cache hit)
291 http cache @radix-ui/react-visually-hidden@https://registry.npmjs.org/@radix-ui/react-visually-hidden/-/react-visually-hidden-1.2.5.tgz 0ms (cache hit)
292 http cache @radix-ui/react-use-size@https://registry.npmjs.org/@radix-ui/react-use-size/-/react-use-size-1.1.2.tgz 0ms (cache hit)
293 http cache @radix-ui/react-use-rect@https://registry.npmjs.org/@radix-ui/react-use-rect/-/react-use-rect-1.1.2.tgz 0ms (cache hit)
294 http cache @radix-ui/react-use-previous@https://registry.npmjs.org/@radix-ui/react-use-previous/-/react-use-previous-1.1.2.tgz 0ms (cache hit)
295 http cache @radix-ui/react-use-effect-event@https://registry.npmjs.org/@radix-ui/react-use-effect-event/-/react-use-effect-event-0.0.3.tgz 0ms (cache hit)
296 http cache @radix-ui/react-use-layout-effect@https://registry.npmjs.org/@radix-ui/react-use-layout-effect/-/react-use-layout-effect-1.1.2.tgz 0ms (cache hit)
297 http cache @radix-ui/react-use-is-hydrated@https://registry.npmjs.org/@radix-ui/react-use-is-hydrated/-/react-use-is-hydrated-0.1.1.tgz 0ms (cache hit)
298 http cache @radix-ui/react-use-escape-keydown@https://registry.npmjs.org/@radix-ui/react-use-escape-keydown/-/react-use-escape-keydown-1.1.2.tgz 0ms (cache hit)
299 http cache @radix-ui/react-use-controllable-state@https://registry.npmjs.org/@radix-ui/react-use-controllable-state/-/react-use-controllable-state-1.2.3.tgz 0ms (cache hit)
300 http cache @radix-ui/react-use-callback-ref@https://registry.npmjs.org/@radix-ui/react-use-callback-ref/-/react-use-callback-ref-1.1.2.tgz 0ms (cache hit)
301 http cache @radix-ui/react-tooltip@https://registry.npmjs.org/@radix-ui/react-tooltip/-/react-tooltip-1.2.9.tgz 0ms (cache hit)
302 http cache @radix-ui/react-toggle-group@https://registry.npmjs.org/@radix-ui/react-toggle-group/-/react-toggle-group-1.1.12.tgz 0ms (cache hit)
303 http cache @radix-ui/react-toggle@https://registry.npmjs.org/@radix-ui/react-toggle/-/react-toggle-1.1.11.tgz 0ms (cache hit)
304 http cache @radix-ui/react-toast@https://registry.npmjs.org/@radix-ui/react-toast/-/react-toast-1.2.16.tgz 0ms (cache hit)
305 http cache @radix-ui/react-switch@https://registry.npmjs.org/@radix-ui/react-switch/-/react-switch-1.3.0.tgz 0ms (cache hit)
306 http cache @radix-ui/react-tabs@https://registry.npmjs.org/@radix-ui/react-tabs/-/react-tabs-1.1.14.tgz 0ms (cache hit)
307 http cache @radix-ui/react-slot@https://registry.npmjs.org/@radix-ui/react-slot/-/react-slot-1.2.5.tgz 0ms (cache hit)
308 http cache @radix-ui/react-slider@https://registry.npmjs.org/@radix-ui/react-slider/-/react-slider-1.4.0.tgz 0ms (cache hit)
309 http cache @radix-ui/react-separator@https://registry.npmjs.org/@radix-ui/react-separator/-/react-separator-1.1.9.tgz 0ms (cache hit)
310 http cache @radix-ui/react-select@https://registry.npmjs.org/@radix-ui/react-select/-/react-select-2.3.0.tgz 0ms (cache hit)
311 http cache @radix-ui/react-scroll-area@https://registry.npmjs.org/@radix-ui/react-scroll-area/-/react-scroll-area-1.2.11.tgz 0ms (cache hit)
312 http cache @radix-ui/react-roving-focus@https://registry.npmjs.org/@radix-ui/react-roving-focus/-/react-roving-focus-1.1.12.tgz 0ms (cache hit)
313 http cache @radix-ui/react-progress@https://registry.npmjs.org/@radix-ui/react-progress/-/react-progress-1.1.9.tgz 0ms (cache hit)
314 http cache @radix-ui/react-radio-group@https://registry.npmjs.org/@radix-ui/react-radio-group/-/react-radio-group-1.4.0.tgz 0ms (cache hit)
315 http cache @radix-ui/react-primitive@https://registry.npmjs.org/@radix-ui/react-primitive/-/react-primitive-2.1.5.tgz 0ms (cache hit)
316 http cache @radix-ui/react-presence@https://registry.npmjs.org/@radix-ui/react-presence/-/react-presence-1.1.6.tgz 0ms (cache hit)
317 http cache @radix-ui/react-portal@https://registry.npmjs.org/@radix-ui/react-portal/-/react-portal-1.1.11.tgz 0ms (cache hit)
318 http cache @radix-ui/react-popper@https://registry.npmjs.org/@radix-ui/react-popper/-/react-popper-1.3.0.tgz 0ms (cache hit)
319 http cache @radix-ui/react-menu@https://registry.npmjs.org/@radix-ui/react-menu/-/react-menu-2.1.17.tgz 0ms (cache hit)
320 http cache @radix-ui/react-navigation-menu@https://registry.npmjs.org/@radix-ui/react-navigation-menu/-/react-navigation-menu-1.2.15.tgz 0ms (cache hit)
321 http cache @radix-ui/react-menubar@https://registry.npmjs.org/@radix-ui/react-menubar/-/react-menubar-1.1.17.tgz 0ms (cache hit)
322 http cache @radix-ui/react-id@https://registry.npmjs.org/@radix-ui/react-id/-/react-id-1.1.2.tgz 0ms (cache hit)
323 http cache @radix-ui/react-popover@https://registry.npmjs.org/@radix-ui/react-popover/-/react-popover-1.1.16.tgz 0ms (cache hit)
324 http cache @radix-ui/react-label@https://registry.npmjs.org/@radix-ui/react-label/-/react-label-2.1.9.tgz 0ms (cache hit)
325 http cache @radix-ui/react-focus-scope@https://registry.npmjs.org/@radix-ui/react-focus-scope/-/react-focus-scope-1.1.9.tgz 0ms (cache hit)
326 http cache @radix-ui/react-hover-card@https://registry.npmjs.org/@radix-ui/react-hover-card/-/react-hover-card-1.1.16.tgz 0ms (cache hit)
327 http cache @radix-ui/react-dropdown-menu@https://registry.npmjs.org/@radix-ui/react-dropdown-menu/-/react-dropdown-menu-2.1.17.tgz 0ms (cache hit)
328 http cache @radix-ui/react-dismissable-layer@https://registry.npmjs.org/@radix-ui/react-dismissable-layer/-/react-dismissable-layer-1.1.12.tgz 0ms (cache hit)
329 http cache @radix-ui/react-focus-guards@https://registry.npmjs.org/@radix-ui/react-focus-guards/-/react-focus-guards-1.1.4.tgz 0ms (cache hit)
330 http cache @radix-ui/react-direction@https://registry.npmjs.org/@radix-ui/react-direction/-/react-direction-1.1.2.tgz 0ms (cache hit)
331 http cache @radix-ui/react-dialog@https://registry.npmjs.org/@radix-ui/react-dialog/-/react-dialog-1.1.16.tgz 0ms (cache hit)
332 http cache @radix-ui/react-compose-refs@https://registry.npmjs.org/@radix-ui/react-compose-refs/-/react-compose-refs-1.1.3.tgz 0ms (cache hit)
333 http cache @radix-ui/react-context-menu@https://registry.npmjs.org/@radix-ui/react-context-menu/-/react-context-menu-2.3.0.tgz 0ms (cache hit)
334 http cache @radix-ui/react-context@https://registry.npmjs.org/@radix-ui/react-context/-/react-context-1.1.4.tgz 0ms (cache hit)
335 http cache @radix-ui/react-collection@https://registry.npmjs.org/@radix-ui/react-collection/-/react-collection-1.1.9.tgz 0ms (cache hit)
336 http cache @radix-ui/react-collapsible@https://registry.npmjs.org/@radix-ui/react-collapsible/-/react-collapsible-1.1.13.tgz 0ms (cache hit)
337 http cache @radix-ui/react-avatar@https://registry.npmjs.org/@radix-ui/react-avatar/-/react-avatar-1.1.12.tgz 0ms (cache hit)
338 http cache @radix-ui/react-arrow@https://registry.npmjs.org/@radix-ui/react-arrow/-/react-arrow-1.1.9.tgz 0ms (cache hit)
339 http cache @radix-ui/react-checkbox@https://registry.npmjs.org/@radix-ui/react-checkbox/-/react-checkbox-1.3.4.tgz 0ms (cache hit)
340 http cache @radix-ui/react-alert-dialog@https://registry.npmjs.org/@radix-ui/react-alert-dialog/-/react-alert-dialog-1.1.16.tgz 0ms (cache hit)
341 http cache @radix-ui/react-accordion@https://registry.npmjs.org/@radix-ui/react-accordion/-/react-accordion-1.2.13.tgz 0ms (cache hit)
342 http cache @radix-ui/react-aspect-ratio@https://registry.npmjs.org/@radix-ui/react-aspect-ratio/-/react-aspect-ratio-1.1.9.tgz 0ms (cache hit)
343 http cache @radix-ui/primitive@https://registry.npmjs.org/@radix-ui/primitive/-/primitive-1.1.4.tgz 0ms (cache hit)
344 http cache @jridgewell/sourcemap-codec@https://registry.npmjs.org/@jridgewell/sourcemap-codec/-/sourcemap-codec-1.5.5.tgz 0ms (cache hit)
345 http cache @radix-ui/number@https://registry.npmjs.org/@radix-ui/number/-/number-1.1.2.tgz 0ms (cache hit)
346 http cache @jridgewell/trace-mapping@https://registry.npmjs.org/@jridgewell/trace-mapping/-/trace-mapping-0.3.31.tgz 0ms (cache hit)
347 http cache @jridgewell/resolve-uri@https://registry.npmjs.org/@jridgewell/resolve-uri/-/resolve-uri-3.1.2.tgz 0ms (cache hit)
348 http cache @jridgewell/remapping@https://registry.npmjs.org/@jridgewell/remapping/-/remapping-2.3.5.tgz 0ms (cache hit)
349 http cache @jridgewell/gen-mapping@https://registry.npmjs.org/@jridgewell/gen-mapping/-/gen-mapping-0.3.13.tgz 0ms (cache hit)
350 http cache @floating-ui/utils@https://registry.npmjs.org/@floating-ui/utils/-/utils-0.2.11.tgz 0ms (cache hit)
351 http cache @hookform/resolvers@https://registry.npmjs.org/@hookform/resolvers/-/resolvers-3.10.0.tgz 0ms (cache hit)
352 http cache @floating-ui/react-dom@https://registry.npmjs.org/@floating-ui/react-dom/-/react-dom-2.1.8.tgz 0ms (cache hit)
353 http cache @floating-ui/dom@https://registry.npmjs.org/@floating-ui/dom/-/dom-1.7.6.tgz 0ms (cache hit)
354 http cache @floating-ui/core@https://registry.npmjs.org/@floating-ui/core/-/core-1.7.5.tgz 0ms (cache hit)
355 http cache @esbuild/win32-x64@https://registry.npmjs.org/@esbuild/win32-x64/-/win32-x64-0.27.7.tgz 0ms (cache hit)
356 http cache @date-fns/tz@https://registry.npmjs.org/@date-fns/tz/-/tz-1.5.0.tgz 0ms (cache hit)
357 http cache @babel/types@https://registry.npmjs.org/@babel/types/-/types-7.29.7.tgz 0ms (cache hit)
358 http cache @babel/traverse@https://registry.npmjs.org/@babel/traverse/-/traverse-7.29.7.tgz 0ms (cache hit)
359 http cache @babel/template@https://registry.npmjs.org/@babel/template/-/template-7.29.7.tgz 0ms (cache hit)
360 http cache @babel/plugin-transform-react-jsx-self@https://registry.npmjs.org/@babel/plugin-transform-react-jsx-self/-/plugin-transform-react-jsx-self-7.29.7.tgz 0ms (cache hit)
361 http cache @babel/runtime@https://registry.npmjs.org/@babel/runtime/-/runtime-7.29.7.tgz 0ms (cache hit)
362 http cache @babel/plugin-transform-react-jsx-source@https://registry.npmjs.org/@babel/plugin-transform-react-jsx-source/-/plugin-transform-react-jsx-source-7.29.7.tgz 0ms (cache hit)
363 http cache @babel/parser@https://registry.npmjs.org/@babel/parser/-/parser-7.29.7.tgz 0ms (cache hit)
364 http cache @babel/helper-validator-option@https://registry.npmjs.org/@babel/helper-validator-option/-/helper-validator-option-7.29.7.tgz 0ms (cache hit)
365 http cache @babel/helpers@https://registry.npmjs.org/@babel/helpers/-/helpers-7.29.7.tgz 0ms (cache hit)
366 http cache @babel/helper-plugin-utils@https://registry.npmjs.org/@babel/helper-plugin-utils/-/helper-plugin-utils-7.29.7.tgz 0ms (cache hit)
367 http cache @babel/helper-validator-identifier@https://registry.npmjs.org/@babel/helper-validator-identifier/-/helper-validator-identifier-7.29.7.tgz 0ms (cache hit)
368 http cache @babel/helper-string-parser@https://registry.npmjs.org/@babel/helper-string-parser/-/helper-string-parser-7.29.7.tgz 0ms (cache hit)
369 http cache @babel/helper-module-transforms@https://registry.npmjs.org/@babel/helper-module-transforms/-/helper-module-transforms-7.29.7.tgz 0ms (cache hit)
370 http cache @babel/helper-module-imports@https://registry.npmjs.org/@babel/helper-module-imports/-/helper-module-imports-7.29.7.tgz 0ms (cache hit)
371 http cache @babel/helper-globals@https://registry.npmjs.org/@babel/helper-globals/-/helper-globals-7.29.7.tgz 0ms (cache hit)
372 http cache @babel/helper-compilation-targets@https://registry.npmjs.org/@babel/helper-compilation-targets/-/helper-compilation-targets-7.29.7.tgz 0ms (cache hit)
373 http cache @babel/generator@https://registry.npmjs.org/@babel/generator/-/generator-7.29.7.tgz 0ms (cache hit)
374 http cache @babel/compat-data@https://registry.npmjs.org/@babel/compat-data/-/compat-data-7.29.7.tgz 0ms (cache hit)
375 http cache @babel/core@https://registry.npmjs.org/@babel/core/-/core-7.29.7.tgz 0ms (cache hit)
376 http cache @babel/code-frame@https://registry.npmjs.org/@babel/code-frame/-/code-frame-7.29.7.tgz 0ms (cache hit)
377 http cache zod@https://registry.npmjs.org/zod/-/zod-3.25.76.tgz 0ms (cache hit)
378 http cache wouter@https://registry.npmjs.org/wouter/-/wouter-3.10.0.tgz 0ms (cache hit)
379 http cache yallist@https://registry.npmjs.org/yallist/-/yallist-3.1.1.tgz 0ms (cache hit)
380 http cache vite@https://registry.npmjs.org/vite/-/vite-7.3.5.tgz 0ms (cache hit)
381 http cache vaul@https://registry.npmjs.org/vaul/-/vaul-1.1.2.tgz 0ms (cache hit)
382 http cache victory-vendor@https://registry.npmjs.org/victory-vendor/-/victory-vendor-36.9.2.tgz 0ms (cache hit)
383 http cache util-deprecate@https://registry.npmjs.org/util-deprecate/-/util-deprecate-1.0.2.tgz 0ms (cache hit)
384 http cache use-sync-external-store@https://registry.npmjs.org/use-sync-external-store/-/use-sync-external-store-1.6.0.tgz 0ms (cache hit)
385 http cache use-sidecar@https://registry.npmjs.org/use-sidecar/-/use-sidecar-1.1.3.tgz 0ms (cache hit)
386 http cache use-callback-ref@https://registry.npmjs.org/use-callback-ref/-/use-callback-ref-1.3.3.tgz 0ms (cache hit)
387 http cache update-browserslist-db@https://registry.npmjs.org/update-browserslist-db/-/update-browserslist-db-1.2.3.tgz 0ms (cache hit)
388 http cache undici-types@https://registry.npmjs.org/undici-types/-/undici-types-7.24.6.tgz 0ms (cache hit)
389 http cache tw-animate-css@https://registry.npmjs.org/tw-animate-css/-/tw-animate-css-1.4.0.tgz 0ms (cache hit)
390 http cache tslib@https://registry.npmjs.org/tslib/-/tslib-2.8.1.tgz 0ms (cache hit)
391 http cache tapable@https://registry.npmjs.org/tapable/-/tapable-2.3.3.tgz 0ms (cache hit)
392 http cache tinyglobby@https://registry.npmjs.org/tinyglobby/-/tinyglobby-0.2.17.tgz 0ms (cache hit)
393 http cache tailwindcss@https://registry.npmjs.org/tailwindcss/-/tailwindcss-4.3.0.tgz 0ms (cache hit)
394 http cache source-map-js@https://registry.npmjs.org/source-map-js/-/source-map-js-1.2.1.tgz 0ms (cache hit)
395 http cache tiny-invariant@https://registry.npmjs.org/tiny-invariant/-/tiny-invariant-1.3.3.tgz 0ms (cache hit)
396 http cache tailwind-merge@https://registry.npmjs.org/tailwind-merge/-/tailwind-merge-3.6.0.tgz 0ms (cache hit)
397 http cache sonner@https://registry.npmjs.org/sonner/-/sonner-2.0.7.tgz 0ms (cache hit)
398 http cache semver@https://registry.npmjs.org/semver/-/semver-6.3.1.tgz 0ms (cache hit)
399 http cache regexparam@https://registry.npmjs.org/regexparam/-/regexparam-3.0.0.tgz 0ms (cache hit)
400 http cache recharts-scale@https://registry.npmjs.org/recharts-scale/-/recharts-scale-0.4.5.tgz 0ms (cache hit)
401 http cache rollup@https://registry.npmjs.org/rollup/-/rollup-4.61.1.tgz 0ms (cache hit)
402 http cache scheduler@https://registry.npmjs.org/scheduler/-/scheduler-0.26.0.tgz 0ms (cache hit)
403 http cache recharts@https://registry.npmjs.org/recharts/-/recharts-2.15.4.tgz 0ms (cache hit)
404 http cache react-transition-group@https://registry.npmjs.org/react-transition-group/-/react-transition-group-4.4.5.tgz 0ms (cache hit)
405 http cache react-style-singleton@https://registry.npmjs.org/react-style-singleton/-/react-style-singleton-2.2.3.tgz 0ms (cache hit)
406 http cache react-remove-scroll-bar@https://registry.npmjs.org/react-remove-scroll-bar/-/react-remove-scroll-bar-2.3.8.tgz 0ms (cache hit)
407 http cache react-smooth@https://registry.npmjs.org/react-smooth/-/react-smooth-4.0.4.tgz 0ms (cache hit)
408 http cache react-refresh@https://registry.npmjs.org/react-refresh/-/react-refresh-0.18.0.tgz 0ms (cache hit)
409 http cache react-resizable-panels@https://registry.npmjs.org/react-resizable-panels/-/react-resizable-panels-2.1.9.tgz 0ms (cache hit)
410 http cache react-remove-scroll@https://registry.npmjs.org/react-remove-scroll/-/react-remove-scroll-2.7.2.tgz 0ms (cache hit)
411 http cache react-icons@https://registry.npmjs.org/react-icons/-/react-icons-5.6.0.tgz 0ms (cache hit)
412 http cache react-is@https://registry.npmjs.org/react-is/-/react-is-18.3.1.tgz 0ms (cache hit)
413 http cache react-hook-form@https://registry.npmjs.org/react-hook-form/-/react-hook-form-7.78.0.tgz 0ms (cache hit)
414 http cache react-dom@https://registry.npmjs.org/react-dom/-/react-dom-19.1.0.tgz 0ms (cache hit)
415 http cache react@https://registry.npmjs.org/react/-/react-19.1.0.tgz 0ms (cache hit)
416 http cache prop-types@https://registry.npmjs.org/prop-types/-/prop-types-15.8.1.tgz 0ms (cache hit)
417 http cache postcss@https://registry.npmjs.org/postcss/-/postcss-8.5.15.tgz 0ms (cache hit)
418 http cache postcss-selector-parser@https://registry.npmjs.org/postcss-selector-parser/-/postcss-selector-parser-6.0.10.tgz 0ms (cache hit)
419 http cache react-day-picker@https://registry.npmjs.org/react-day-picker/-/react-day-picker-9.14.0.tgz 0ms (cache hit)
420 http cache object-assign@https://registry.npmjs.org/object-assign/-/object-assign-4.1.1.tgz 0ms (cache hit)
421 http cache picocolors@https://registry.npmjs.org/picocolors/-/picocolors-1.1.1.tgz 0ms (cache hit)
422 http cache picomatch@https://registry.npmjs.org/picomatch/-/picomatch-4.0.4.tgz 0ms (cache hit)
423 http cache next-themes@https://registry.npmjs.org/next-themes/-/next-themes-0.4.6.tgz 0ms (cache hit)
424 http cache node-releases@https://registry.npmjs.org/node-releases/-/node-releases-2.0.47.tgz 0ms (cache hit)
425 http cache nanoid@https://registry.npmjs.org/nanoid/-/nanoid-3.3.12.tgz 0ms (cache hit)
426 http cache ms@https://registry.npmjs.org/ms/-/ms-2.1.3.tgz 0ms (cache hit)
427 http cache motion-utils@https://registry.npmjs.org/motion-utils/-/motion-utils-12.39.0.tgz 0ms (cache hit)
428 http cache motion-dom@https://registry.npmjs.org/motion-dom/-/motion-dom-12.40.0.tgz 0ms (cache hit)
429 http cache magic-string@https://registry.npmjs.org/magic-string/-/magic-string-0.30.21.tgz 0ms (cache hit)
430 http cache modern-screenshot@https://registry.npmjs.org/modern-screenshot/-/modern-screenshot-4.7.0.tgz 0ms (cache hit)
431 http cache mitt@https://registry.npmjs.org/mitt/-/mitt-3.0.1.tgz 0ms (cache hit)
432 http cache lucide-react@https://registry.npmjs.org/lucide-react/-/lucide-react-0.545.0.tgz 0ms (cache hit)
433 http cache lru-cache@https://registry.npmjs.org/lru-cache/-/lru-cache-5.1.1.tgz 0ms (cache hit)
434 http cache loose-envify@https://registry.npmjs.org/loose-envify/-/loose-envify-1.4.0.tgz 0ms (cache hit)
435 http cache lodash@https://registry.npmjs.org/lodash/-/lodash-4.18.1.tgz 0ms (cache hit)
436 http cache lightningcss-win32-x64-msvc@https://registry.npmjs.org/lightningcss-win32-x64-msvc/-/lightningcss-win32-x64-msvc-1.32.0.tgz 0ms (cache hit)
437 http cache lightningcss@https://registry.npmjs.org/lightningcss/-/lightningcss-1.32.0.tgz 0ms (cache hit)
438 http cache jsesc@https://registry.npmjs.org/jsesc/-/jsesc-3.1.0.tgz 0ms (cache hit)
439 http cache jiti@https://registry.npmjs.org/jiti/-/jiti-2.7.0.tgz 0ms (cache hit)
440 http cache internmap@https://registry.npmjs.org/internmap/-/internmap-2.0.3.tgz 0ms (cache hit)
441 http cache js-tokens@https://registry.npmjs.org/js-tokens/-/js-tokens-4.0.0.tgz 0ms (cache hit)
442 http cache input-otp@https://registry.npmjs.org/input-otp/-/input-otp-1.4.2.tgz 0ms (cache hit)
443 http cache iceberg-js@https://registry.npmjs.org/iceberg-js/-/iceberg-js-0.8.1.tgz 0ms (cache hit)
444 http cache graceful-fs@https://registry.npmjs.org/graceful-fs/-/graceful-fs-4.2.11.tgz 0ms (cache hit)
445 http cache gensync@https://registry.npmjs.org/gensync/-/gensync-1.0.0-beta.2.tgz 0ms (cache hit)
446 http cache get-nonce@https://registry.npmjs.org/get-nonce/-/get-nonce-1.0.1.tgz 0ms (cache hit)
447 http cache framer-motion@https://registry.npmjs.org/framer-motion/-/framer-motion-12.40.0.tgz 0ms (cache hit)
448 http cache fdir@https://registry.npmjs.org/fdir/-/fdir-6.5.0.tgz 0ms (cache hit)
449 http cache fast-equals@https://registry.npmjs.org/fast-equals/-/fast-equals-5.4.0.tgz 0ms (cache hit)
450 http cache eventemitter3@https://registry.npmjs.org/eventemitter3/-/eventemitter3-4.0.7.tgz 0ms (cache hit)
451 http cache escalade@https://registry.npmjs.org/escalade/-/escalade-3.2.0.tgz 0ms (cache hit)
452 http cache enhanced-resolve@https://registry.npmjs.org/enhanced-resolve/-/enhanced-resolve-5.24.0.tgz 0ms (cache hit)
453 http cache esbuild@https://registry.npmjs.org/esbuild/-/esbuild-0.27.7.tgz 0ms (cache hit)
454 http cache embla-carousel-react@https://registry.npmjs.org/embla-carousel-react/-/embla-carousel-react-8.6.0.tgz 0ms (cache hit)
455 http cache embla-carousel-reactive-utils@https://registry.npmjs.org/embla-carousel-reactive-utils/-/embla-carousel-reactive-utils-8.6.0.tgz 0ms (cache hit)
456 http cache embla-carousel@https://registry.npmjs.org/embla-carousel/-/embla-carousel-8.6.0.tgz 0ms (cache hit)
457 http cache electron-to-chromium@https://registry.npmjs.org/electron-to-chromium/-/electron-to-chromium-1.5.371.tgz 0ms (cache hit)
458 http cache dom-helpers@https://registry.npmjs.org/dom-helpers/-/dom-helpers-5.2.1.tgz 0ms (cache hit)
459 http cache decimal.js-light@https://registry.npmjs.org/decimal.js-light/-/decimal.js-light-2.5.1.tgz 0ms (cache hit)
460 http cache detect-node-es@https://registry.npmjs.org/detect-node-es/-/detect-node-es-1.1.0.tgz 0ms (cache hit)
461 http cache debug@https://registry.npmjs.org/debug/-/debug-4.4.3.tgz 0ms (cache hit)
462 http cache date-fns-jalali@https://registry.npmjs.org/date-fns-jalali/-/date-fns-jalali-4.1.0-0.tgz 0ms (cache hit)
463 http cache date-fns@https://registry.npmjs.org/date-fns/-/date-fns-3.6.0.tgz 0ms (cache hit)
464 http cache detect-libc@https://registry.npmjs.org/detect-libc/-/detect-libc-2.1.2.tgz 0ms (cache hit)
465 http cache d3-time@https://registry.npmjs.org/d3-time/-/d3-time-3.1.0.tgz 0ms (cache hit)
466 http cache d3-time-format@https://registry.npmjs.org/d3-time-format/-/d3-time-format-4.1.0.tgz 0ms (cache hit)
467 http cache d3-timer@https://registry.npmjs.org/d3-timer/-/d3-timer-3.0.1.tgz 0ms (cache hit)
468 http cache json5@https://registry.npmjs.org/json5/-/json5-2.2.3.tgz 0ms (cache hit)
469 http cache d3-shape@https://registry.npmjs.org/d3-shape/-/d3-shape-3.2.0.tgz 0ms (cache hit)
470 http cache d3-path@https://registry.npmjs.org/d3-path/-/d3-path-3.1.0.tgz 0ms (cache hit)
471 http cache d3-scale@https://registry.npmjs.org/d3-scale/-/d3-scale-4.0.2.tgz 0ms (cache hit)
472 http cache d3-interpolate@https://registry.npmjs.org/d3-interpolate/-/d3-interpolate-3.0.1.tgz 0ms (cache hit)
473 http cache d3-format@https://registry.npmjs.org/d3-format/-/d3-format-3.1.2.tgz 0ms (cache hit)
474 http cache d3-array@https://registry.npmjs.org/d3-array/-/d3-array-3.2.4.tgz 0ms (cache hit)
475 http cache d3-color@https://registry.npmjs.org/d3-color/-/d3-color-3.1.0.tgz 0ms (cache hit)
476 http cache d3-ease@https://registry.npmjs.org/d3-ease/-/d3-ease-3.0.1.tgz 0ms (cache hit)
477 http cache csstype@https://registry.npmjs.org/csstype/-/csstype-3.2.3.tgz 0ms (cache hit)
478 http cache cssesc@https://registry.npmjs.org/cssesc/-/cssesc-3.0.0.tgz 0ms (cache hit)
479 http cache convert-source-map@https://registry.npmjs.org/convert-source-map/-/convert-source-map-2.0.0.tgz 0ms (cache hit)
480 http cache cmdk@https://registry.npmjs.org/cmdk/-/cmdk-1.1.1.tgz 0ms (cache hit)
481 http cache clsx@https://registry.npmjs.org/clsx/-/clsx-2.1.1.tgz 0ms (cache hit)
482 http cache class-variance-authority@https://registry.npmjs.org/class-variance-authority/-/class-variance-authority-0.7.1.tgz 0ms (cache hit)
483 http cache caniuse-lite@https://registry.npmjs.org/caniuse-lite/-/caniuse-lite-1.0.30001799.tgz 0ms (cache hit)
484 http cache browserslist@https://registry.npmjs.org/browserslist/-/browserslist-4.28.2.tgz 0ms (cache hit)
485 http cache baseline-browser-mapping@https://registry.npmjs.org/baseline-browser-mapping/-/baseline-browser-mapping-2.10.36.tgz 0ms (cache hit)
486 silly tarball no local data for @vitejs/plugin-react@https://registry.npmjs.org/@vitejs/plugin-react/-/plugin-react-5.2.0.tgz. Extracting by manifest.
487 http cache date-fns@https://registry.npmjs.org/date-fns/-/date-fns-4.4.0.tgz 0ms (cache hit)
488 http cache aria-hidden@https://registry.npmjs.org/aria-hidden/-/aria-hidden-1.2.6.tgz 0ms (cache hit)
489 silly tarball no local data for @types/react-dom@https://registry.npmjs.org/@types/react-dom/-/react-dom-19.2.3.tgz. Extracting by manifest.
490 http cache react-is@https://registry.npmjs.org/react-is/-/react-is-16.13.1.tgz 0ms (cache hit)
491 silly tarball no local data for @types/node@https://registry.npmjs.org/@types/node/-/node-25.9.3.tgz. Extracting by manifest.
492 silly tarball no local data for @types/estree@https://registry.npmjs.org/@types/estree/-/estree-1.0.9.tgz. Extracting by manifest.
493 silly tarball no local data for @types/react@https://registry.npmjs.org/@types/react/-/react-19.2.17.tgz. Extracting by manifest.
494 silly tarball no local data for @types/d3-time@https://registry.npmjs.org/@types/d3-time/-/d3-time-3.0.4.tgz. Extracting by manifest.
495 silly tarball no local data for @types/d3-timer@https://registry.npmjs.org/@types/d3-timer/-/d3-timer-3.0.2.tgz. Extracting by manifest.
496 silly tarball no local data for @types/d3-shape@https://registry.npmjs.org/@types/d3-shape/-/d3-shape-3.1.8.tgz. Extracting by manifest.
497 silly tarball no local data for @types/d3-scale@https://registry.npmjs.org/@types/d3-scale/-/d3-scale-4.0.9.tgz. Extracting by manifest.
498 silly tarball no local data for @types/d3-path@https://registry.npmjs.org/@types/d3-path/-/d3-path-3.1.1.tgz. Extracting by manifest.
499 silly tarball no local data for @types/d3-interpolate@https://registry.npmjs.org/@types/d3-interpolate/-/d3-interpolate-3.0.4.tgz. Extracting by manifest.
500 silly tarball no local data for @types/d3-ease@https://registry.npmjs.org/@types/d3-ease/-/d3-ease-3.0.2.tgz. Extracting by manifest.
501 silly tarball no local data for @types/d3-color@https://registry.npmjs.org/@types/d3-color/-/d3-color-3.1.3.tgz. Extracting by manifest.
502 silly tarball no local data for @types/d3-array@https://registry.npmjs.org/@types/d3-array/-/d3-array-3.2.2.tgz. Extracting by manifest.
503 silly tarball no local data for @types/babel__generator@https://registry.npmjs.org/@types/babel__generator/-/babel__generator-7.27.0.tgz. Extracting by manifest.
504 silly tarball no local data for @types/babel__traverse@https://registry.npmjs.org/@types/babel__traverse/-/babel__traverse-7.28.0.tgz. Extracting by manifest.
505 silly tarball no local data for @types/babel__template@https://registry.npmjs.org/@types/babel__template/-/babel__template-7.4.4.tgz. Extracting by manifest.
506 silly tarball no local data for @tanstack/react-query@https://registry.npmjs.org/@tanstack/react-query/-/react-query-5.101.0.tgz. Extracting by manifest.
507 silly tarball no local data for @tailwindcss/vite@https://registry.npmjs.org/@tailwindcss/vite/-/vite-4.3.0.tgz. Extracting by manifest.
508 silly tarball no local data for @types/babel__core@https://registry.npmjs.org/@types/babel__core/-/babel__core-7.20.5.tgz. Extracting by manifest.
509 silly tarball no local data for @tabby_ai/hijri-converter@https://registry.npmjs.org/@tabby_ai/hijri-converter/-/hijri-converter-1.0.5.tgz. Extracting by manifest.
510 silly tarball no local data for @tailwindcss/oxide-win32-x64-msvc@https://registry.npmjs.org/@tailwindcss/oxide-win32-x64-msvc/-/oxide-win32-x64-msvc-4.3.0.tgz. Extracting by manifest.
511 silly tarball no local data for @tailwindcss/typography@https://registry.npmjs.org/@tailwindcss/typography/-/typography-0.5.20.tgz. Extracting by manifest.
512 silly tarball no local data for @tailwindcss/oxide@https://registry.npmjs.org/@tailwindcss/oxide/-/oxide-4.3.0.tgz. Extracting by manifest.
513 silly tarball no local data for @tailwindcss/node@https://registry.npmjs.org/@tailwindcss/node/-/node-4.3.0.tgz. Extracting by manifest.
514 silly tarball no local data for @tanstack/query-core@https://registry.npmjs.org/@tanstack/query-core/-/query-core-5.101.0.tgz. Extracting by manifest.
515 silly tarball no local data for @supabase/postgrest-js@https://registry.npmjs.org/@supabase/postgrest-js/-/postgrest-js-2.108.1.tgz. Extracting by manifest.
516 silly tarball no local data for @supabase/realtime-js@https://registry.npmjs.org/@supabase/realtime-js/-/realtime-js-2.108.1.tgz. Extracting by manifest.
517 silly tarball no local data for @supabase/supabase-js@https://registry.npmjs.org/@supabase/supabase-js/-/supabase-js-2.108.1.tgz. Extracting by manifest.
518 silly tarball no local data for @supabase/storage-js@https://registry.npmjs.org/@supabase/storage-js/-/storage-js-2.108.1.tgz. Extracting by manifest.
519 silly tarball no local data for @rolldown/pluginutils@https://registry.npmjs.org/@rolldown/pluginutils/-/pluginutils-1.0.0-rc.3.tgz. Extracting by manifest.
520 silly tarball no local data for @supabase/phoenix@https://registry.npmjs.org/@supabase/phoenix/-/phoenix-0.4.2.tgz. Extracting by manifest.
521 silly tarball no local data for @rollup/rollup-win32-x64-msvc@https://registry.npmjs.org/@rollup/rollup-win32-x64-msvc/-/rollup-win32-x64-msvc-4.61.1.tgz. Extracting by manifest.
522 silly tarball no local data for @rollup/rollup-win32-x64-gnu@https://registry.npmjs.org/@rollup/rollup-win32-x64-gnu/-/rollup-win32-x64-gnu-4.61.1.tgz. Extracting by manifest.
523 silly tarball no local data for @supabase/auth-js@https://registry.npmjs.org/@supabase/auth-js/-/auth-js-2.108.1.tgz. Extracting by manifest.
524 silly tarball no local data for @supabase/functions-js@https://registry.npmjs.org/@supabase/functions-js/-/functions-js-2.108.1.tgz. Extracting by manifest.
525 silly tarball no local data for @radix-ui/rect@https://registry.npmjs.org/@radix-ui/rect/-/rect-1.1.2.tgz. Extracting by manifest.
526 silly tarball no local data for @replit/vite-plugin-runtime-error-modal@https://registry.npmjs.org/@replit/vite-plugin-runtime-error-modal/-/vite-plugin-runtime-error-modal-0.0.6.tgz. Extracting by manifest.
527 silly tarball no local data for @replit/vite-plugin-dev-banner@https://registry.npmjs.org/@replit/vite-plugin-dev-banner/-/vite-plugin-dev-banner-0.1.2.tgz. Extracting by manifest.
528 silly tarball no local data for @replit/vite-plugin-cartographer@https://registry.npmjs.org/@replit/vite-plugin-cartographer/-/vite-plugin-cartographer-0.5.21.tgz. Extracting by manifest.
529 silly tarball no local data for @radix-ui/react-visually-hidden@https://registry.npmjs.org/@radix-ui/react-visually-hidden/-/react-visually-hidden-1.2.5.tgz. Extracting by manifest.
530 silly tarball no local data for @radix-ui/react-use-size@https://registry.npmjs.org/@radix-ui/react-use-size/-/react-use-size-1.1.2.tgz. Extracting by manifest.
531 silly tarball no local data for @radix-ui/react-use-rect@https://registry.npmjs.org/@radix-ui/react-use-rect/-/react-use-rect-1.1.2.tgz. Extracting by manifest.
532 silly tarball no local data for @radix-ui/react-use-previous@https://registry.npmjs.org/@radix-ui/react-use-previous/-/react-use-previous-1.1.2.tgz. Extracting by manifest.
533 silly tarball no local data for @radix-ui/react-use-effect-event@https://registry.npmjs.org/@radix-ui/react-use-effect-event/-/react-use-effect-event-0.0.3.tgz. Extracting by manifest.
534 silly tarball no local data for @radix-ui/react-use-layout-effect@https://registry.npmjs.org/@radix-ui/react-use-layout-effect/-/react-use-layout-effect-1.1.2.tgz. Extracting by manifest.
535 silly tarball no local data for @radix-ui/react-use-is-hydrated@https://registry.npmjs.org/@radix-ui/react-use-is-hydrated/-/react-use-is-hydrated-0.1.1.tgz. Extracting by manifest.
536 silly tarball no local data for @radix-ui/react-use-escape-keydown@https://registry.npmjs.org/@radix-ui/react-use-escape-keydown/-/react-use-escape-keydown-1.1.2.tgz. Extracting by manifest.
537 silly tarball no local data for @radix-ui/react-use-controllable-state@https://registry.npmjs.org/@radix-ui/react-use-controllable-state/-/react-use-controllable-state-1.2.3.tgz. Extracting by manifest.
538 silly tarball no local data for @radix-ui/react-use-callback-ref@https://registry.npmjs.org/@radix-ui/react-use-callback-ref/-/react-use-callback-ref-1.1.2.tgz. Extracting by manifest.
539 silly tarball no local data for @radix-ui/react-tooltip@https://registry.npmjs.org/@radix-ui/react-tooltip/-/react-tooltip-1.2.9.tgz. Extracting by manifest.
540 silly tarball no local data for @radix-ui/react-toggle-group@https://registry.npmjs.org/@radix-ui/react-toggle-group/-/react-toggle-group-1.1.12.tgz. Extracting by manifest.
541 silly tarball no local data for @radix-ui/react-toggle@https://registry.npmjs.org/@radix-ui/react-toggle/-/react-toggle-1.1.11.tgz. Extracting by manifest.
542 silly tarball no local data for @radix-ui/react-toast@https://registry.npmjs.org/@radix-ui/react-toast/-/react-toast-1.2.16.tgz. Extracting by manifest.
543 silly tarball no local data for @radix-ui/react-switch@https://registry.npmjs.org/@radix-ui/react-switch/-/react-switch-1.3.0.tgz. Extracting by manifest.
544 silly tarball no local data for @radix-ui/react-tabs@https://registry.npmjs.org/@radix-ui/react-tabs/-/react-tabs-1.1.14.tgz. Extracting by manifest.
545 silly tarball no local data for @radix-ui/react-slot@https://registry.npmjs.org/@radix-ui/react-slot/-/react-slot-1.2.5.tgz. Extracting by manifest.
546 silly tarball no local data for @radix-ui/react-slider@https://registry.npmjs.org/@radix-ui/react-slider/-/react-slider-1.4.0.tgz. Extracting by manifest.
547 silly tarball no local data for @radix-ui/react-separator@https://registry.npmjs.org/@radix-ui/react-separator/-/react-separator-1.1.9.tgz. Extracting by manifest.
548 silly tarball no local data for @radix-ui/react-select@https://registry.npmjs.org/@radix-ui/react-select/-/react-select-2.3.0.tgz. Extracting by manifest.
549 silly tarball no local data for @radix-ui/react-scroll-area@https://registry.npmjs.org/@radix-ui/react-scroll-area/-/react-scroll-area-1.2.11.tgz. Extracting by manifest.
550 silly tarball no local data for @radix-ui/react-roving-focus@https://registry.npmjs.org/@radix-ui/react-roving-focus/-/react-roving-focus-1.1.12.tgz. Extracting by manifest.
551 silly tarball no local data for @radix-ui/react-progress@https://registry.npmjs.org/@radix-ui/react-progress/-/react-progress-1.1.9.tgz. Extracting by manifest.
552 silly tarball no local data for @radix-ui/react-radio-group@https://registry.npmjs.org/@radix-ui/react-radio-group/-/react-radio-group-1.4.0.tgz. Extracting by manifest.
553 silly tarball no local data for @radix-ui/react-primitive@https://registry.npmjs.org/@radix-ui/react-primitive/-/react-primitive-2.1.5.tgz. Extracting by manifest.
554 silly tarball no local data for @radix-ui/react-presence@https://registry.npmjs.org/@radix-ui/react-presence/-/react-presence-1.1.6.tgz. Extracting by manifest.
555 silly tarball no local data for @radix-ui/react-portal@https://registry.npmjs.org/@radix-ui/react-portal/-/react-portal-1.1.11.tgz. Extracting by manifest.
556 silly tarball no local data for @radix-ui/react-popper@https://registry.npmjs.org/@radix-ui/react-popper/-/react-popper-1.3.0.tgz. Extracting by manifest.
557 silly tarball no local data for @radix-ui/react-menu@https://registry.npmjs.org/@radix-ui/react-menu/-/react-menu-2.1.17.tgz. Extracting by manifest.
558 silly tarball no local data for @radix-ui/react-navigation-menu@https://registry.npmjs.org/@radix-ui/react-navigation-menu/-/react-navigation-menu-1.2.15.tgz. Extracting by manifest.
559 silly tarball no local data for @radix-ui/react-menubar@https://registry.npmjs.org/@radix-ui/react-menubar/-/react-menubar-1.1.17.tgz. Extracting by manifest.
560 silly tarball no local data for @radix-ui/react-id@https://registry.npmjs.org/@radix-ui/react-id/-/react-id-1.1.2.tgz. Extracting by manifest.
561 silly tarball no local data for @radix-ui/react-popover@https://registry.npmjs.org/@radix-ui/react-popover/-/react-popover-1.1.16.tgz. Extracting by manifest.
562 silly tarball no local data for @radix-ui/react-label@https://registry.npmjs.org/@radix-ui/react-label/-/react-label-2.1.9.tgz. Extracting by manifest.
563 silly tarball no local data for @radix-ui/react-focus-scope@https://registry.npmjs.org/@radix-ui/react-focus-scope/-/react-focus-scope-1.1.9.tgz. Extracting by manifest.
564 silly tarball no local data for @radix-ui/react-hover-card@https://registry.npmjs.org/@radix-ui/react-hover-card/-/react-hover-card-1.1.16.tgz. Extracting by manifest.
565 silly tarball no local data for @radix-ui/react-dropdown-menu@https://registry.npmjs.org/@radix-ui/react-dropdown-menu/-/react-dropdown-menu-2.1.17.tgz. Extracting by manifest.
566 silly tarball no local data for @radix-ui/react-dismissable-layer@https://registry.npmjs.org/@radix-ui/react-dismissable-layer/-/react-dismissable-layer-1.1.12.tgz. Extracting by manifest.
567 silly tarball no local data for @radix-ui/react-focus-guards@https://registry.npmjs.org/@radix-ui/react-focus-guards/-/react-focus-guards-1.1.4.tgz. Extracting by manifest.
568 silly tarball no local data for @radix-ui/react-direction@https://registry.npmjs.org/@radix-ui/react-direction/-/react-direction-1.1.2.tgz. Extracting by manifest.
569 silly tarball no local data for @radix-ui/react-dialog@https://registry.npmjs.org/@radix-ui/react-dialog/-/react-dialog-1.1.16.tgz. Extracting by manifest.
570 silly tarball no local data for @radix-ui/react-compose-refs@https://registry.npmjs.org/@radix-ui/react-compose-refs/-/react-compose-refs-1.1.3.tgz. Extracting by manifest.
571 silly tarball no local data for @radix-ui/react-context-menu@https://registry.npmjs.org/@radix-ui/react-context-menu/-/react-context-menu-2.3.0.tgz. Extracting by manifest.
572 silly tarball no local data for @radix-ui/react-context@https://registry.npmjs.org/@radix-ui/react-context/-/react-context-1.1.4.tgz. Extracting by manifest.
573 silly tarball no local data for @radix-ui/react-collection@https://registry.npmjs.org/@radix-ui/react-collection/-/react-collection-1.1.9.tgz. Extracting by manifest.
574 silly tarball no local data for @radix-ui/react-collapsible@https://registry.npmjs.org/@radix-ui/react-collapsible/-/react-collapsible-1.1.13.tgz. Extracting by manifest.
575 silly tarball no local data for @radix-ui/react-avatar@https://registry.npmjs.org/@radix-ui/react-avatar/-/react-avatar-1.1.12.tgz. Extracting by manifest.
576 silly tarball no local data for @radix-ui/react-arrow@https://registry.npmjs.org/@radix-ui/react-arrow/-/react-arrow-1.1.9.tgz. Extracting by manifest.
577 silly tarball no local data for @radix-ui/react-alert-dialog@https://registry.npmjs.org/@radix-ui/react-alert-dialog/-/react-alert-dialog-1.1.16.tgz. Extracting by manifest.
578 silly tarball no local data for @radix-ui/react-checkbox@https://registry.npmjs.org/@radix-ui/react-checkbox/-/react-checkbox-1.3.4.tgz. Extracting by manifest.
579 silly tarball no local data for @radix-ui/react-accordion@https://registry.npmjs.org/@radix-ui/react-accordion/-/react-accordion-1.2.13.tgz. Extracting by manifest.
580 silly tarball no local data for @radix-ui/react-aspect-ratio@https://registry.npmjs.org/@radix-ui/react-aspect-ratio/-/react-aspect-ratio-1.1.9.tgz. Extracting by manifest.
581 silly tarball no local data for @radix-ui/primitive@https://registry.npmjs.org/@radix-ui/primitive/-/primitive-1.1.4.tgz. Extracting by manifest.
582 silly tarball no local data for @jridgewell/sourcemap-codec@https://registry.npmjs.org/@jridgewell/sourcemap-codec/-/sourcemap-codec-1.5.5.tgz. Extracting by manifest.
583 silly tarball no local data for @radix-ui/number@https://registry.npmjs.org/@radix-ui/number/-/number-1.1.2.tgz. Extracting by manifest.
584 silly tarball no local data for @jridgewell/trace-mapping@https://registry.npmjs.org/@jridgewell/trace-mapping/-/trace-mapping-0.3.31.tgz. Extracting by manifest.
585 silly tarball no local data for @jridgewell/resolve-uri@https://registry.npmjs.org/@jridgewell/resolve-uri/-/resolve-uri-3.1.2.tgz. Extracting by manifest.
586 silly tarball no local data for @jridgewell/remapping@https://registry.npmjs.org/@jridgewell/remapping/-/remapping-2.3.5.tgz. Extracting by manifest.
587 silly tarball no local data for @jridgewell/gen-mapping@https://registry.npmjs.org/@jridgewell/gen-mapping/-/gen-mapping-0.3.13.tgz. Extracting by manifest.
588 silly tarball no local data for @floating-ui/utils@https://registry.npmjs.org/@floating-ui/utils/-/utils-0.2.11.tgz. Extracting by manifest.
589 silly tarball no local data for @hookform/resolvers@https://registry.npmjs.org/@hookform/resolvers/-/resolvers-3.10.0.tgz. Extracting by manifest.
590 silly tarball no local data for @floating-ui/react-dom@https://registry.npmjs.org/@floating-ui/react-dom/-/react-dom-2.1.8.tgz. Extracting by manifest.
591 silly tarball no local data for @floating-ui/dom@https://registry.npmjs.org/@floating-ui/dom/-/dom-1.7.6.tgz. Extracting by manifest.
592 silly tarball no local data for @floating-ui/core@https://registry.npmjs.org/@floating-ui/core/-/core-1.7.5.tgz. Extracting by manifest.
593 silly tarball no local data for @esbuild/win32-x64@https://registry.npmjs.org/@esbuild/win32-x64/-/win32-x64-0.27.7.tgz. Extracting by manifest.
594 silly tarball no local data for @date-fns/tz@https://registry.npmjs.org/@date-fns/tz/-/tz-1.5.0.tgz. Extracting by manifest.
595 silly tarball no local data for @babel/types@https://registry.npmjs.org/@babel/types/-/types-7.29.7.tgz. Extracting by manifest.
596 silly tarball no local data for @babel/traverse@https://registry.npmjs.org/@babel/traverse/-/traverse-7.29.7.tgz. Extracting by manifest.
597 silly tarball no local data for @babel/template@https://registry.npmjs.org/@babel/template/-/template-7.29.7.tgz. Extracting by manifest.
598 silly tarball no local data for @babel/plugin-transform-react-jsx-self@https://registry.npmjs.org/@babel/plugin-transform-react-jsx-self/-/plugin-transform-react-jsx-self-7.29.7.tgz. Extracting by manifest.
599 silly tarball no local data for @babel/runtime@https://registry.npmjs.org/@babel/runtime/-/runtime-7.29.7.tgz. Extracting by manifest.
600 silly tarball no local data for @babel/plugin-transform-react-jsx-source@https://registry.npmjs.org/@babel/plugin-transform-react-jsx-source/-/plugin-transform-react-jsx-source-7.29.7.tgz. Extracting by manifest.
601 silly tarball no local data for @babel/parser@https://registry.npmjs.org/@babel/parser/-/parser-7.29.7.tgz. Extracting by manifest.
602 silly tarball no local data for @babel/helper-validator-option@https://registry.npmjs.org/@babel/helper-validator-option/-/helper-validator-option-7.29.7.tgz. Extracting by manifest.
603 silly tarball no local data for @babel/helpers@https://registry.npmjs.org/@babel/helpers/-/helpers-7.29.7.tgz. Extracting by manifest.
604 silly tarball no local data for @babel/helper-plugin-utils@https://registry.npmjs.org/@babel/helper-plugin-utils/-/helper-plugin-utils-7.29.7.tgz. Extracting by manifest.
605 silly tarball no local data for @babel/helper-validator-identifier@https://registry.npmjs.org/@babel/helper-validator-identifier/-/helper-validator-identifier-7.29.7.tgz. Extracting by manifest.
606 silly tarball no local data for @babel/helper-string-parser@https://registry.npmjs.org/@babel/helper-string-parser/-/helper-string-parser-7.29.7.tgz. Extracting by manifest.
607 silly tarball no local data for @babel/helper-module-transforms@https://registry.npmjs.org/@babel/helper-module-transforms/-/helper-module-transforms-7.29.7.tgz. Extracting by manifest.
608 silly tarball no local data for @babel/helper-module-imports@https://registry.npmjs.org/@babel/helper-module-imports/-/helper-module-imports-7.29.7.tgz. Extracting by manifest.
609 silly tarball no local data for @babel/helper-globals@https://registry.npmjs.org/@babel/helper-globals/-/helper-globals-7.29.7.tgz. Extracting by manifest.
610 silly tarball no local data for @babel/helper-compilation-targets@https://registry.npmjs.org/@babel/helper-compilation-targets/-/helper-compilation-targets-7.29.7.tgz. Extracting by manifest.
611 silly tarball no local data for @babel/generator@https://registry.npmjs.org/@babel/generator/-/generator-7.29.7.tgz. Extracting by manifest.
612 silly tarball no local data for @babel/compat-data@https://registry.npmjs.org/@babel/compat-data/-/compat-data-7.29.7.tgz. Extracting by manifest.
613 silly tarball no local data for @babel/core@https://registry.npmjs.org/@babel/core/-/core-7.29.7.tgz. Extracting by manifest.
614 silly tarball no local data for @babel/code-frame@https://registry.npmjs.org/@babel/code-frame/-/code-frame-7.29.7.tgz. Extracting by manifest.
615 silly tarball no local data for zod@https://registry.npmjs.org/zod/-/zod-3.25.76.tgz. Extracting by manifest.
616 silly tarball no local data for wouter@https://registry.npmjs.org/wouter/-/wouter-3.10.0.tgz. Extracting by manifest.
617 silly tarball no local data for yallist@https://registry.npmjs.org/yallist/-/yallist-3.1.1.tgz. Extracting by manifest.
618 silly tarball no local data for vite@https://registry.npmjs.org/vite/-/vite-7.3.5.tgz. Extracting by manifest.
619 silly tarball no local data for vaul@https://registry.npmjs.org/vaul/-/vaul-1.1.2.tgz. Extracting by manifest.
620 silly tarball no local data for victory-vendor@https://registry.npmjs.org/victory-vendor/-/victory-vendor-36.9.2.tgz. Extracting by manifest.
621 silly tarball no local data for util-deprecate@https://registry.npmjs.org/util-deprecate/-/util-deprecate-1.0.2.tgz. Extracting by manifest.
622 silly tarball no local data for use-sync-external-store@https://registry.npmjs.org/use-sync-external-store/-/use-sync-external-store-1.6.0.tgz. Extracting by manifest.
623 silly tarball no local data for use-sidecar@https://registry.npmjs.org/use-sidecar/-/use-sidecar-1.1.3.tgz. Extracting by manifest.
624 silly tarball no local data for use-callback-ref@https://registry.npmjs.org/use-callback-ref/-/use-callback-ref-1.3.3.tgz. Extracting by manifest.
625 silly tarball no local data for update-browserslist-db@https://registry.npmjs.org/update-browserslist-db/-/update-browserslist-db-1.2.3.tgz. Extracting by manifest.
626 silly tarball no local data for undici-types@https://registry.npmjs.org/undici-types/-/undici-types-7.24.6.tgz. Extracting by manifest.
627 silly tarball no local data for tw-animate-css@https://registry.npmjs.org/tw-animate-css/-/tw-animate-css-1.4.0.tgz. Extracting by manifest.
628 silly tarball no local data for tslib@https://registry.npmjs.org/tslib/-/tslib-2.8.1.tgz. Extracting by manifest.
629 silly tarball no local data for tapable@https://registry.npmjs.org/tapable/-/tapable-2.3.3.tgz. Extracting by manifest.
630 silly tarball no local data for tinyglobby@https://registry.npmjs.org/tinyglobby/-/tinyglobby-0.2.17.tgz. Extracting by manifest.
631 silly tarball no local data for tailwindcss@https://registry.npmjs.org/tailwindcss/-/tailwindcss-4.3.0.tgz. Extracting by manifest.
632 silly tarball no local data for source-map-js@https://registry.npmjs.org/source-map-js/-/source-map-js-1.2.1.tgz. Extracting by manifest.
633 silly tarball no local data for tiny-invariant@https://registry.npmjs.org/tiny-invariant/-/tiny-invariant-1.3.3.tgz. Extracting by manifest.
634 silly tarball no local data for tailwind-merge@https://registry.npmjs.org/tailwind-merge/-/tailwind-merge-3.6.0.tgz. Extracting by manifest.
635 silly tarball no local data for sonner@https://registry.npmjs.org/sonner/-/sonner-2.0.7.tgz. Extracting by manifest.
636 silly tarball no local data for semver@https://registry.npmjs.org/semver/-/semver-6.3.1.tgz. Extracting by manifest.
637 silly tarball no local data for regexparam@https://registry.npmjs.org/regexparam/-/regexparam-3.0.0.tgz. Extracting by manifest.
638 silly tarball no local data for recharts-scale@https://registry.npmjs.org/recharts-scale/-/recharts-scale-0.4.5.tgz. Extracting by manifest.
639 silly tarball no local data for rollup@https://registry.npmjs.org/rollup/-/rollup-4.61.1.tgz. Extracting by manifest.
640 silly tarball no local data for scheduler@https://registry.npmjs.org/scheduler/-/scheduler-0.26.0.tgz. Extracting by manifest.
641 silly tarball no local data for recharts@https://registry.npmjs.org/recharts/-/recharts-2.15.4.tgz. Extracting by manifest.
642 silly tarball no local data for react-transition-group@https://registry.npmjs.org/react-transition-group/-/react-transition-group-4.4.5.tgz. Extracting by manifest.
643 silly tarball no local data for react-style-singleton@https://registry.npmjs.org/react-style-singleton/-/react-style-singleton-2.2.3.tgz. Extracting by manifest.
644 silly tarball no local data for react-remove-scroll-bar@https://registry.npmjs.org/react-remove-scroll-bar/-/react-remove-scroll-bar-2.3.8.tgz. Extracting by manifest.
645 silly tarball no local data for react-smooth@https://registry.npmjs.org/react-smooth/-/react-smooth-4.0.4.tgz. Extracting by manifest.
646 silly tarball no local data for react-refresh@https://registry.npmjs.org/react-refresh/-/react-refresh-0.18.0.tgz. Extracting by manifest.
647 silly tarball no local data for react-resizable-panels@https://registry.npmjs.org/react-resizable-panels/-/react-resizable-panels-2.1.9.tgz. Extracting by manifest.
648 silly tarball no local data for react-remove-scroll@https://registry.npmjs.org/react-remove-scroll/-/react-remove-scroll-2.7.2.tgz. Extracting by manifest.
649 silly tarball no local data for react-icons@https://registry.npmjs.org/react-icons/-/react-icons-5.6.0.tgz. Extracting by manifest.
650 silly tarball no local data for react-is@https://registry.npmjs.org/react-is/-/react-is-18.3.1.tgz. Extracting by manifest.
651 silly tarball no local data for react-hook-form@https://registry.npmjs.org/react-hook-form/-/react-hook-form-7.78.0.tgz. Extracting by manifest.
652 silly tarball no local data for react-dom@https://registry.npmjs.org/react-dom/-/react-dom-19.1.0.tgz. Extracting by manifest.
653 silly tarball no local data for react@https://registry.npmjs.org/react/-/react-19.1.0.tgz. Extracting by manifest.
654 silly tarball no local data for prop-types@https://registry.npmjs.org/prop-types/-/prop-types-15.8.1.tgz. Extracting by manifest.
655 silly tarball no local data for postcss@https://registry.npmjs.org/postcss/-/postcss-8.5.15.tgz. Extracting by manifest.
656 silly tarball no local data for postcss-selector-parser@https://registry.npmjs.org/postcss-selector-parser/-/postcss-selector-parser-6.0.10.tgz. Extracting by manifest.
657 silly tarball no local data for react-day-picker@https://registry.npmjs.org/react-day-picker/-/react-day-picker-9.14.0.tgz. Extracting by manifest.
658 silly tarball no local data for object-assign@https://registry.npmjs.org/object-assign/-/object-assign-4.1.1.tgz. Extracting by manifest.
659 silly tarball no local data for picocolors@https://registry.npmjs.org/picocolors/-/picocolors-1.1.1.tgz. Extracting by manifest.
660 silly tarball no local data for picomatch@https://registry.npmjs.org/picomatch/-/picomatch-4.0.4.tgz. Extracting by manifest.
661 silly tarball no local data for next-themes@https://registry.npmjs.org/next-themes/-/next-themes-0.4.6.tgz. Extracting by manifest.
662 silly tarball no local data for node-releases@https://registry.npmjs.org/node-releases/-/node-releases-2.0.47.tgz. Extracting by manifest.
663 silly tarball no local data for nanoid@https://registry.npmjs.org/nanoid/-/nanoid-3.3.12.tgz. Extracting by manifest.
664 silly tarball no local data for ms@https://registry.npmjs.org/ms/-/ms-2.1.3.tgz. Extracting by manifest.
665 silly tarball no local data for motion-utils@https://registry.npmjs.org/motion-utils/-/motion-utils-12.39.0.tgz. Extracting by manifest.
666 silly tarball no local data for motion-dom@https://registry.npmjs.org/motion-dom/-/motion-dom-12.40.0.tgz. Extracting by manifest.
667 silly tarball no local data for magic-string@https://registry.npmjs.org/magic-string/-/magic-string-0.30.21.tgz. Extracting by manifest.
668 silly tarball no local data for modern-screenshot@https://registry.npmjs.org/modern-screenshot/-/modern-screenshot-4.7.0.tgz. Extracting by manifest.
669 silly tarball no local data for mitt@https://registry.npmjs.org/mitt/-/mitt-3.0.1.tgz. Extracting by manifest.
670 silly tarball no local data for lucide-react@https://registry.npmjs.org/lucide-react/-/lucide-react-0.545.0.tgz. Extracting by manifest.
671 silly tarball no local data for lru-cache@https://registry.npmjs.org/lru-cache/-/lru-cache-5.1.1.tgz. Extracting by manifest.
672 silly tarball no local data for loose-envify@https://registry.npmjs.org/loose-envify/-/loose-envify-1.4.0.tgz. Extracting by manifest.
673 silly tarball no local data for lodash@https://registry.npmjs.org/lodash/-/lodash-4.18.1.tgz. Extracting by manifest.
674 silly tarball no local data for lightningcss-win32-x64-msvc@https://registry.npmjs.org/lightningcss-win32-x64-msvc/-/lightningcss-win32-x64-msvc-1.32.0.tgz. Extracting by manifest.
675 silly tarball no local data for lightningcss@https://registry.npmjs.org/lightningcss/-/lightningcss-1.32.0.tgz. Extracting by manifest.
676 silly tarball no local data for jsesc@https://registry.npmjs.org/jsesc/-/jsesc-3.1.0.tgz. Extracting by manifest.
677 silly tarball no local data for jiti@https://registry.npmjs.org/jiti/-/jiti-2.7.0.tgz. Extracting by manifest.
678 silly tarball no local data for internmap@https://registry.npmjs.org/internmap/-/internmap-2.0.3.tgz. Extracting by manifest.
679 silly tarball no local data for js-tokens@https://registry.npmjs.org/js-tokens/-/js-tokens-4.0.0.tgz. Extracting by manifest.
680 silly tarball no local data for input-otp@https://registry.npmjs.org/input-otp/-/input-otp-1.4.2.tgz. Extracting by manifest.
681 silly tarball no local data for iceberg-js@https://registry.npmjs.org/iceberg-js/-/iceberg-js-0.8.1.tgz. Extracting by manifest.
682 silly tarball no local data for graceful-fs@https://registry.npmjs.org/graceful-fs/-/graceful-fs-4.2.11.tgz. Extracting by manifest.
683 silly tarball no local data for gensync@https://registry.npmjs.org/gensync/-/gensync-1.0.0-beta.2.tgz. Extracting by manifest.
684 silly tarball no local data for get-nonce@https://registry.npmjs.org/get-nonce/-/get-nonce-1.0.1.tgz. Extracting by manifest.
685 silly tarball no local data for framer-motion@https://registry.npmjs.org/framer-motion/-/framer-motion-12.40.0.tgz. Extracting by manifest.
686 silly tarball no local data for fdir@https://registry.npmjs.org/fdir/-/fdir-6.5.0.tgz. Extracting by manifest.
687 silly tarball no local data for fast-equals@https://registry.npmjs.org/fast-equals/-/fast-equals-5.4.0.tgz. Extracting by manifest.
688 silly tarball no local data for eventemitter3@https://registry.npmjs.org/eventemitter3/-/eventemitter3-4.0.7.tgz. Extracting by manifest.
689 silly tarball no local data for escalade@https://registry.npmjs.org/escalade/-/escalade-3.2.0.tgz. Extracting by manifest.
690 silly tarball no local data for enhanced-resolve@https://registry.npmjs.org/enhanced-resolve/-/enhanced-resolve-5.24.0.tgz. Extracting by manifest.
691 silly tarball no local data for esbuild@https://registry.npmjs.org/esbuild/-/esbuild-0.27.7.tgz. Extracting by manifest.
692 silly tarball no local data for embla-carousel-react@https://registry.npmjs.org/embla-carousel-react/-/embla-carousel-react-8.6.0.tgz. Extracting by manifest.
693 silly tarball no local data for embla-carousel-reactive-utils@https://registry.npmjs.org/embla-carousel-reactive-utils/-/embla-carousel-reactive-utils-8.6.0.tgz. Extracting by manifest.
694 silly tarball no local data for embla-carousel@https://registry.npmjs.org/embla-carousel/-/embla-carousel-8.6.0.tgz. Extracting by manifest.
695 silly tarball no local data for electron-to-chromium@https://registry.npmjs.org/electron-to-chromium/-/electron-to-chromium-1.5.371.tgz. Extracting by manifest.
696 silly tarball no local data for dom-helpers@https://registry.npmjs.org/dom-helpers/-/dom-helpers-5.2.1.tgz. Extracting by manifest.
697 silly tarball no local data for decimal.js-light@https://registry.npmjs.org/decimal.js-light/-/decimal.js-light-2.5.1.tgz. Extracting by manifest.
698 silly tarball no local data for detect-node-es@https://registry.npmjs.org/detect-node-es/-/detect-node-es-1.1.0.tgz. Extracting by manifest.
699 silly tarball no local data for debug@https://registry.npmjs.org/debug/-/debug-4.4.3.tgz. Extracting by manifest.
700 silly tarball no local data for date-fns-jalali@https://registry.npmjs.org/date-fns-jalali/-/date-fns-jalali-4.1.0-0.tgz. Extracting by manifest.
701 silly tarball no local data for date-fns@https://registry.npmjs.org/date-fns/-/date-fns-3.6.0.tgz. Extracting by manifest.
702 silly tarball no local data for detect-libc@https://registry.npmjs.org/detect-libc/-/detect-libc-2.1.2.tgz. Extracting by manifest.
703 silly tarball no local data for d3-time@https://registry.npmjs.org/d3-time/-/d3-time-3.1.0.tgz. Extracting by manifest.
704 silly tarball no local data for d3-time-format@https://registry.npmjs.org/d3-time-format/-/d3-time-format-4.1.0.tgz. Extracting by manifest.
705 silly tarball no local data for d3-timer@https://registry.npmjs.org/d3-timer/-/d3-timer-3.0.1.tgz. Extracting by manifest.
706 silly tarball no local data for json5@https://registry.npmjs.org/json5/-/json5-2.2.3.tgz. Extracting by manifest.
707 silly tarball no local data for d3-shape@https://registry.npmjs.org/d3-shape/-/d3-shape-3.2.0.tgz. Extracting by manifest.
708 silly tarball no local data for d3-path@https://registry.npmjs.org/d3-path/-/d3-path-3.1.0.tgz. Extracting by manifest.
709 silly tarball no local data for d3-scale@https://registry.npmjs.org/d3-scale/-/d3-scale-4.0.2.tgz. Extracting by manifest.
710 silly tarball no local data for d3-interpolate@https://registry.npmjs.org/d3-interpolate/-/d3-interpolate-3.0.1.tgz. Extracting by manifest.
711 silly tarball no local data for d3-format@https://registry.npmjs.org/d3-format/-/d3-format-3.1.2.tgz. Extracting by manifest.
712 silly tarball no local data for d3-array@https://registry.npmjs.org/d3-array/-/d3-array-3.2.4.tgz. Extracting by manifest.
713 silly tarball no local data for d3-color@https://registry.npmjs.org/d3-color/-/d3-color-3.1.0.tgz. Extracting by manifest.
714 silly tarball no local data for d3-ease@https://registry.npmjs.org/d3-ease/-/d3-ease-3.0.1.tgz. Extracting by manifest.
715 silly tarball no local data for csstype@https://registry.npmjs.org/csstype/-/csstype-3.2.3.tgz. Extracting by manifest.
716 silly tarball no local data for cssesc@https://registry.npmjs.org/cssesc/-/cssesc-3.0.0.tgz. Extracting by manifest.
717 silly tarball no local data for convert-source-map@https://registry.npmjs.org/convert-source-map/-/convert-source-map-2.0.0.tgz. Extracting by manifest.
718 silly tarball no local data for cmdk@https://registry.npmjs.org/cmdk/-/cmdk-1.1.1.tgz. Extracting by manifest.
719 silly tarball no local data for clsx@https://registry.npmjs.org/clsx/-/clsx-2.1.1.tgz. Extracting by manifest.
720 silly tarball no local data for class-variance-authority@https://registry.npmjs.org/class-variance-authority/-/class-variance-authority-0.7.1.tgz. Extracting by manifest.
721 silly tarball no local data for caniuse-lite@https://registry.npmjs.org/caniuse-lite/-/caniuse-lite-1.0.30001799.tgz. Extracting by manifest.
722 silly tarball no local data for browserslist@https://registry.npmjs.org/browserslist/-/browserslist-4.28.2.tgz. Extracting by manifest.
723 silly tarball no local data for baseline-browser-mapping@https://registry.npmjs.org/baseline-browser-mapping/-/baseline-browser-mapping-2.10.36.tgz. Extracting by manifest.
724 silly tarball no local data for date-fns@https://registry.npmjs.org/date-fns/-/date-fns-4.4.0.tgz. Extracting by manifest.
725 silly tarball no local data for aria-hidden@https://registry.npmjs.org/aria-hidden/-/aria-hidden-1.2.6.tgz. Extracting by manifest.
726 silly tarball no local data for react-is@https://registry.npmjs.org/react-is/-/react-is-16.13.1.tgz. Extracting by manifest.
727 http fetch GET 200 https://registry.npmjs.org/@types/d3-color/-/d3-color-3.1.3.tgz 479ms (cache miss)
728 http fetch GET 200 https://registry.npmjs.org/@types/babel__generator/-/babel__generator-7.27.0.tgz 480ms (cache miss)
729 http fetch GET 200 https://registry.npmjs.org/@types/d3-ease/-/d3-ease-3.0.2.tgz 482ms (cache miss)
730 http fetch GET 200 https://registry.npmjs.org/@types/d3-path/-/d3-path-3.1.1.tgz 484ms (cache miss)
731 http fetch GET 200 https://registry.npmjs.org/@types/d3-timer/-/d3-timer-3.0.2.tgz 486ms (cache miss)
732 http fetch GET 200 https://registry.npmjs.org/@types/d3-time/-/d3-time-3.0.4.tgz 487ms (cache miss)
733 http fetch GET 200 https://registry.npmjs.org/@types/d3-interpolate/-/d3-interpolate-3.0.4.tgz 492ms (cache miss)
734 http fetch GET 200 https://registry.npmjs.org/@types/estree/-/estree-1.0.9.tgz 498ms (cache miss)
735 http fetch GET 200 https://registry.npmjs.org/@types/d3-array/-/d3-array-3.2.2.tgz 496ms (cache miss)
736 http fetch GET 200 https://registry.npmjs.org/@types/d3-shape/-/d3-shape-3.1.8.tgz 517ms (cache miss)
737 http fetch GET 200 https://registry.npmjs.org/@types/d3-scale/-/d3-scale-4.0.9.tgz 529ms (cache miss)
738 http fetch GET 200 https://registry.npmjs.org/@vitejs/plugin-react/-/plugin-react-5.2.0.tgz 551ms (cache miss)
739 http fetch GET 200 https://registry.npmjs.org/@types/babel__template/-/babel__template-7.4.4.tgz 546ms (cache miss)
740 http fetch GET 200 https://registry.npmjs.org/@tailwindcss/oxide/-/oxide-4.3.0.tgz 562ms (cache miss)
741 http fetch GET 200 https://registry.npmjs.org/@types/babel__traverse/-/babel__traverse-7.28.0.tgz 569ms (cache miss)
742 http fetch GET 200 https://registry.npmjs.org/@tailwindcss/vite/-/vite-4.3.0.tgz 570ms (cache miss)
743 http fetch GET 200 https://registry.npmjs.org/@types/react-dom/-/react-dom-19.2.3.tgz 583ms (cache miss)
744 http fetch GET 200 https://registry.npmjs.org/@types/babel__core/-/babel__core-7.20.5.tgz 577ms (cache miss)
745 http fetch GET 200 https://registry.npmjs.org/@tailwindcss/typography/-/typography-0.5.20.tgz 596ms (cache miss)
746 http fetch GET 200 https://registry.npmjs.org/@tailwindcss/node/-/node-4.3.0.tgz 611ms (cache miss)
747 http fetch GET 200 https://registry.npmjs.org/@types/react/-/react-19.2.17.tgz 636ms (cache miss)
748 http fetch GET 200 https://registry.npmjs.org/@radix-ui/rect/-/rect-1.1.2.tgz 660ms (cache miss)
749 http fetch GET 200 https://registry.npmjs.org/@tabby_ai/hijri-converter/-/hijri-converter-1.0.5.tgz 674ms (cache miss)
750 http fetch GET 200 https://registry.npmjs.org/@rolldown/pluginutils/-/pluginutils-1.0.0-rc.3.tgz 671ms (cache miss)
751 http fetch GET 200 https://registry.npmjs.org/@radix-ui/react-visually-hidden/-/react-visually-hidden-1.2.5.tgz 735ms (cache miss)
752 http fetch GET 200 https://registry.npmjs.org/@radix-ui/react-use-size/-/react-use-size-1.1.2.tgz 788ms (cache miss)
753 http fetch GET 200 https://registry.npmjs.org/@radix-ui/react-use-rect/-/react-use-rect-1.1.2.tgz 809ms (cache miss)
754 http fetch GET 200 https://registry.npmjs.org/@radix-ui/react-use-previous/-/react-use-previous-1.1.2.tgz 971ms (cache miss)
755 http fetch GET 200 https://registry.npmjs.org/@radix-ui/react-use-layout-effect/-/react-use-layout-effect-1.1.2.tgz 1001ms (cache miss)
756 http fetch GET 200 https://registry.npmjs.org/@radix-ui/react-use-effect-event/-/react-use-effect-event-0.0.3.tgz 1004ms (cache miss)
757 http fetch GET 200 https://registry.npmjs.org/@radix-ui/react-use-escape-keydown/-/react-use-escape-keydown-1.1.2.tgz 1004ms (cache miss)
758 http fetch GET 200 https://registry.npmjs.org/@radix-ui/react-use-controllable-state/-/react-use-controllable-state-1.2.3.tgz 1005ms (cache miss)
759 http fetch GET 200 https://registry.npmjs.org/@replit/vite-plugin-runtime-error-modal/-/vite-plugin-runtime-error-modal-0.0.6.tgz 1035ms (cache miss)
760 http fetch GET 200 https://registry.npmjs.org/@radix-ui/react-tooltip/-/react-tooltip-1.2.9.tgz 1048ms (cache miss)
761 http fetch GET 200 https://registry.npmjs.org/@radix-ui/react-use-callback-ref/-/react-use-callback-ref-1.1.2.tgz 1061ms (cache miss)
762 http fetch GET 200 https://registry.npmjs.org/@radix-ui/react-use-is-hydrated/-/react-use-is-hydrated-0.1.1.tgz 1067ms (cache miss)
763 http fetch GET 200 https://registry.npmjs.org/@replit/vite-plugin-dev-banner/-/vite-plugin-dev-banner-0.1.2.tgz 1081ms (cache miss)
764 http fetch GET 200 https://registry.npmjs.org/@supabase/phoenix/-/phoenix-0.4.2.tgz 1086ms (cache miss)
765 http fetch GET 200 https://registry.npmjs.org/@radix-ui/react-progress/-/react-progress-1.1.9.tgz 1083ms (cache miss)
766 http fetch GET 200 https://registry.npmjs.org/@radix-ui/react-scroll-area/-/react-scroll-area-1.2.11.tgz 1109ms (cache miss)
767 http fetch GET 200 https://registry.npmjs.org/@replit/vite-plugin-cartographer/-/vite-plugin-cartographer-0.5.21.tgz 1127ms (cache miss)
768 http fetch GET 200 https://registry.npmjs.org/@rollup/rollup-win32-x64-gnu/-/rollup-win32-x64-gnu-4.61.1.tgz 1147ms (cache miss)
769 http fetch GET 200 https://registry.npmjs.org/@tailwindcss/oxide-win32-x64-msvc/-/oxide-win32-x64-msvc-4.3.0.tgz 1156ms (cache miss)
770 http fetch GET 200 https://registry.npmjs.org/@rollup/rollup-win32-x64-msvc/-/rollup-win32-x64-msvc-4.61.1.tgz 1154ms (cache miss)
771 http fetch GET 200 https://registry.npmjs.org/@types/node/-/node-25.9.3.tgz 1189ms (cache miss)
772 http fetch GET 200 https://registry.npmjs.org/@radix-ui/react-portal/-/react-portal-1.1.11.tgz 1190ms (cache miss)
773 http fetch GET 200 https://registry.npmjs.org/@supabase/supabase-js/-/supabase-js-2.108.1.tgz 1212ms (cache miss)
774 http fetch GET 200 https://registry.npmjs.org/@radix-ui/react-popper/-/react-popper-1.3.0.tgz 1208ms (cache miss)
775 http fetch GET 200 https://registry.npmjs.org/@radix-ui/react-primitive/-/react-primitive-2.1.5.tgz 1211ms (cache miss)
776 http fetch GET 200 https://registry.npmjs.org/@radix-ui/react-tabs/-/react-tabs-1.1.14.tgz 1223ms (cache miss)
777 http fetch GET 200 https://registry.npmjs.org/@radix-ui/react-presence/-/react-presence-1.1.6.tgz 1246ms (cache miss)
778 http fetch GET 200 https://registry.npmjs.org/@radix-ui/react-separator/-/react-separator-1.1.9.tgz 1255ms (cache miss)
779 http fetch GET 200 https://registry.npmjs.org/@radix-ui/react-toggle/-/react-toggle-1.1.11.tgz 1260ms (cache miss)
780 http fetch GET 200 https://registry.npmjs.org/@radix-ui/react-roving-focus/-/react-roving-focus-1.1.12.tgz 1256ms (cache miss)
781 http fetch GET 200 https://registry.npmjs.org/@radix-ui/react-switch/-/react-switch-1.3.0.tgz 1260ms (cache miss)
782 http fetch GET 200 https://registry.npmjs.org/@supabase/postgrest-js/-/postgrest-js-2.108.1.tgz 1274ms (cache miss)
783 http fetch GET 200 https://registry.npmjs.org/@radix-ui/react-toggle-group/-/react-toggle-group-1.1.12.tgz 1264ms (cache miss)
784 http fetch GET 200 https://registry.npmjs.org/@radix-ui/react-toast/-/react-toast-1.2.16.tgz 1269ms (cache miss)
785 http fetch GET 200 https://registry.npmjs.org/@radix-ui/react-slot/-/react-slot-1.2.5.tgz 1283ms (cache miss)
786 http fetch GET 200 https://registry.npmjs.org/@radix-ui/react-id/-/react-id-1.1.2.tgz 1293ms (cache miss)
787 http fetch GET 200 https://registry.npmjs.org/@radix-ui/react-slider/-/react-slider-1.4.0.tgz 1305ms (cache miss)
788 http fetch GET 200 https://registry.npmjs.org/@supabase/storage-js/-/storage-js-2.108.1.tgz 1325ms (cache miss)
789 http fetch GET 200 https://registry.npmjs.org/@radix-ui/react-menu/-/react-menu-2.1.17.tgz 1312ms (cache miss)
790 http fetch GET 200 https://registry.npmjs.org/@radix-ui/react-label/-/react-label-2.1.9.tgz 1311ms (cache miss)
791 http fetch GET 200 https://registry.npmjs.org/@radix-ui/react-select/-/react-select-2.3.0.tgz 1326ms (cache miss)
792 http fetch GET 200 https://registry.npmjs.org/@radix-ui/react-direction/-/react-direction-1.1.2.tgz 1325ms (cache miss)
793 http fetch GET 200 https://registry.npmjs.org/@radix-ui/react-focus-guards/-/react-focus-guards-1.1.4.tgz 1329ms (cache miss)
794 http fetch GET 200 https://registry.npmjs.org/@radix-ui/react-compose-refs/-/react-compose-refs-1.1.3.tgz 1340ms (cache miss)
795 http fetch GET 200 https://registry.npmjs.org/@radix-ui/react-dialog/-/react-dialog-1.1.16.tgz 1355ms (cache miss)
796 http fetch GET 200 https://registry.npmjs.org/@supabase/functions-js/-/functions-js-2.108.1.tgz 1392ms (cache miss)
797 http fetch GET 200 https://registry.npmjs.org/@radix-ui/react-radio-group/-/react-radio-group-1.4.0.tgz 1387ms (cache miss)
798 http fetch GET 200 https://registry.npmjs.org/@radix-ui/react-context/-/react-context-1.1.4.tgz 1385ms (cache miss)
799 http fetch GET 200 https://registry.npmjs.org/@radix-ui/react-avatar/-/react-avatar-1.1.12.tgz 1404ms (cache miss)
800 http fetch GET 200 https://registry.npmjs.org/@radix-ui/react-collapsible/-/react-collapsible-1.1.13.tgz 1407ms (cache miss)
801 http fetch GET 200 https://registry.npmjs.org/@radix-ui/react-collection/-/react-collection-1.1.9.tgz 1409ms (cache miss)
802 http fetch GET 200 https://registry.npmjs.org/@radix-ui/react-arrow/-/react-arrow-1.1.9.tgz 1432ms (cache miss)
803 http fetch GET 200 https://registry.npmjs.org/@radix-ui/react-navigation-menu/-/react-navigation-menu-1.2.15.tgz 1455ms (cache miss)
804 http fetch GET 200 https://registry.npmjs.org/@radix-ui/react-menubar/-/react-menubar-1.1.17.tgz 1491ms (cache miss)
805 http fetch GET 200 https://registry.npmjs.org/@radix-ui/react-dismissable-layer/-/react-dismissable-layer-1.1.12.tgz 1491ms (cache miss)
806 http fetch GET 200 https://registry.npmjs.org/@radix-ui/react-checkbox/-/react-checkbox-1.3.4.tgz 1493ms (cache miss)
807 http fetch GET 200 https://registry.npmjs.org/@radix-ui/react-focus-scope/-/react-focus-scope-1.1.9.tgz 1500ms (cache miss)
808 http fetch GET 200 https://registry.npmjs.org/@radix-ui/primitive/-/primitive-1.1.4.tgz 1498ms (cache miss)
809 http fetch GET 200 https://registry.npmjs.org/@radix-ui/react-hover-card/-/react-hover-card-1.1.16.tgz 1506ms (cache miss)
810 http fetch GET 200 https://registry.npmjs.org/@radix-ui/react-popover/-/react-popover-1.1.16.tgz 1508ms (cache miss)
811 http fetch GET 200 https://registry.npmjs.org/@radix-ui/number/-/number-1.1.2.tgz 1508ms (cache miss)
812 http fetch GET 200 https://registry.npmjs.org/@radix-ui/react-dropdown-menu/-/react-dropdown-menu-2.1.17.tgz 1565ms (cache miss)
813 http fetch GET 200 https://registry.npmjs.org/@radix-ui/react-context-menu/-/react-context-menu-2.3.0.tgz 1577ms (cache miss)
814 http fetch GET 200 https://registry.npmjs.org/@jridgewell/resolve-uri/-/resolve-uri-3.1.2.tgz 1575ms (cache miss)
815 http fetch GET 200 https://registry.npmjs.org/@floating-ui/react-dom/-/react-dom-2.1.8.tgz 1619ms (cache miss)
816 http fetch GET 200 https://registry.npmjs.org/@jridgewell/sourcemap-codec/-/sourcemap-codec-1.5.5.tgz 1653ms (cache miss)
817 http fetch GET 200 https://registry.npmjs.org/@floating-ui/dom/-/dom-1.7.6.tgz 1691ms (cache miss)
818 http fetch GET 200 https://registry.npmjs.org/@babel/plugin-transform-react-jsx-source/-/plugin-transform-react-jsx-source-7.29.7.tgz 1693ms (cache miss)
819 http fetch GET 200 https://registry.npmjs.org/@babel/plugin-transform-react-jsx-self/-/plugin-transform-react-jsx-self-7.29.7.tgz 1697ms (cache miss)
820 http fetch GET 200 https://registry.npmjs.org/@radix-ui/react-aspect-ratio/-/react-aspect-ratio-1.1.9.tgz 1731ms (cache miss)
821 http fetch GET 200 https://registry.npmjs.org/@babel/helper-validator-option/-/helper-validator-option-7.29.7.tgz 1723ms (cache miss)
822 http fetch GET 200 https://registry.npmjs.org/@babel/helper-plugin-utils/-/helper-plugin-utils-7.29.7.tgz 1780ms (cache miss)
823 http fetch GET 200 https://registry.npmjs.org/@babel/helper-globals/-/helper-globals-7.29.7.tgz 1782ms (cache miss)
824 http fetch GET 200 https://registry.npmjs.org/@babel/compat-data/-/compat-data-7.29.7.tgz 1782ms (cache miss)
825 http fetch GET 200 https://registry.npmjs.org/@babel/helper-string-parser/-/helper-string-parser-7.29.7.tgz 1789ms (cache miss)
826 http fetch GET 200 https://registry.npmjs.org/@floating-ui/utils/-/utils-0.2.11.tgz 1797ms (cache miss)
827 http fetch GET 200 https://registry.npmjs.org/@babel/helper-module-imports/-/helper-module-imports-7.29.7.tgz 1792ms (cache miss)
828 http fetch GET 200 https://registry.npmjs.org/@radix-ui/react-accordion/-/react-accordion-1.2.13.tgz 1807ms (cache miss)
829 http fetch GET 200 https://registry.npmjs.org/@babel/code-frame/-/code-frame-7.29.7.tgz 1810ms (cache miss)
830 http fetch GET 200 https://registry.npmjs.org/yallist/-/yallist-3.1.1.tgz 1823ms (cache miss)
831 http fetch GET 200 https://registry.npmjs.org/@radix-ui/react-alert-dialog/-/react-alert-dialog-1.1.16.tgz 1839ms (cache miss)
832 http fetch GET 200 https://registry.npmjs.org/@floating-ui/core/-/core-1.7.5.tgz 1841ms (cache miss)
833 http fetch GET 200 https://registry.npmjs.org/util-deprecate/-/util-deprecate-1.0.2.tgz 1845ms (cache miss)
834 http fetch GET 200 https://registry.npmjs.org/@babel/helper-validator-identifier/-/helper-validator-identifier-7.29.7.tgz 1851ms (cache miss)
835 http fetch GET 200 https://registry.npmjs.org/use-sync-external-store/-/use-sync-external-store-1.6.0.tgz 1857ms (cache miss)
836 http fetch GET 200 https://registry.npmjs.org/use-sidecar/-/use-sidecar-1.1.3.tgz 1869ms (cache miss)
837 http fetch GET 200 https://registry.npmjs.org/tw-animate-css/-/tw-animate-css-1.4.0.tgz 1872ms (cache miss)
838 http fetch GET 200 https://registry.npmjs.org/update-browserslist-db/-/update-browserslist-db-1.2.3.tgz 1874ms (cache miss)
839 http fetch GET 200 https://registry.npmjs.org/@jridgewell/remapping/-/remapping-2.3.5.tgz 1900ms (cache miss)
840 http fetch GET 200 https://registry.npmjs.org/tinyglobby/-/tinyglobby-0.2.17.tgz 1886ms (cache miss)
841 http fetch GET 200 https://registry.npmjs.org/@babel/template/-/template-7.29.7.tgz 1944ms (cache miss)
842 http fetch GET 200 https://registry.npmjs.org/tiny-invariant/-/tiny-invariant-1.3.3.tgz 1958ms (cache miss)
843 http fetch GET 200 https://registry.npmjs.org/@jridgewell/gen-mapping/-/gen-mapping-0.3.13.tgz 1975ms (cache miss)
844 http fetch GET 200 https://registry.npmjs.org/regexparam/-/regexparam-3.0.0.tgz 1979ms (cache miss)
845 http fetch GET 200 https://registry.npmjs.org/vaul/-/vaul-1.1.2.tgz 1994ms (cache miss)
846 http fetch GET 200 https://registry.npmjs.org/scheduler/-/scheduler-0.26.0.tgz 2019ms (cache miss)
847 http fetch GET 200 https://registry.npmjs.org/semver/-/semver-6.3.1.tgz 2022ms (cache miss)
848 http fetch GET 200 https://registry.npmjs.org/react-refresh/-/react-refresh-0.18.0.tgz 2028ms (cache miss)
849 http fetch GET 200 https://registry.npmjs.org/@babel/helper-compilation-targets/-/helper-compilation-targets-7.29.7.tgz 2049ms (cache miss)
850 http fetch GET 200 https://registry.npmjs.org/react-is/-/react-is-18.3.1.tgz 2039ms (cache miss)
851 http fetch GET 200 https://registry.npmjs.org/@babel/helper-module-transforms/-/helper-module-transforms-7.29.7.tgz 2073ms (cache miss)
852 http fetch GET 200 https://registry.npmjs.org/tslib/-/tslib-2.8.1.tgz 2094ms (cache miss)
853 http fetch GET 200 https://registry.npmjs.org/picocolors/-/picocolors-1.1.1.tgz 2115ms (cache miss)
854 http fetch GET 200 https://registry.npmjs.org/next-themes/-/next-themes-0.4.6.tgz 2138ms (cache miss)
855 http fetch GET 200 https://registry.npmjs.org/sonner/-/sonner-2.0.7.tgz 2161ms (cache miss)
856 http fetch GET 200 https://registry.npmjs.org/nanoid/-/nanoid-3.3.12.tgz 2176ms (cache miss)
857 http fetch GET 200 https://registry.npmjs.org/node-releases/-/node-releases-2.0.47.tgz 2211ms (cache miss)
858 http fetch GET 200 https://registry.npmjs.org/object-assign/-/object-assign-4.1.1.tgz 2215ms (cache miss)
859 http fetch GET 200 https://registry.npmjs.org/ms/-/ms-2.1.3.tgz 2217ms (cache miss)
860 http fetch GET 200 https://registry.npmjs.org/loose-envify/-/loose-envify-1.4.0.tgz 2226ms (cache miss)
861 http fetch GET 200 https://registry.npmjs.org/mitt/-/mitt-3.0.1.tgz 2257ms (cache miss)
862 http fetch GET 200 https://registry.npmjs.org/lru-cache/-/lru-cache-5.1.1.tgz 2268ms (cache miss)
863 http fetch GET 200 https://registry.npmjs.org/wouter/-/wouter-3.10.0.tgz 2319ms (cache miss)
864 http fetch GET 200 https://registry.npmjs.org/js-tokens/-/js-tokens-4.0.0.tgz 2311ms (cache miss)
865 http fetch GET 200 https://registry.npmjs.org/jsesc/-/jsesc-3.1.0.tgz 2314ms (cache miss)
866 http fetch GET 200 https://registry.npmjs.org/internmap/-/internmap-2.0.3.tgz 2328ms (cache miss)
867 http fetch GET 200 https://registry.npmjs.org/gensync/-/gensync-1.0.0-beta.2.tgz 2367ms (cache miss)
868 http fetch GET 200 https://registry.npmjs.org/fdir/-/fdir-6.5.0.tgz 2386ms (cache miss)
869 http fetch GET 200 https://registry.npmjs.org/get-nonce/-/get-nonce-1.0.1.tgz 2388ms (cache miss)
870 http fetch GET 200 https://registry.npmjs.org/escalade/-/escalade-3.2.0.tgz 2394ms (cache miss)
871 http fetch GET 200 https://registry.npmjs.org/prop-types/-/prop-types-15.8.1.tgz 2411ms (cache miss)
872 http fetch GET 200 https://registry.npmjs.org/picomatch/-/picomatch-4.0.4.tgz 2473ms (cache miss)
873 http fetch GET 200 https://registry.npmjs.org/graceful-fs/-/graceful-fs-4.2.11.tgz 2470ms (cache miss)
874 http fetch GET 200 https://registry.npmjs.org/embla-carousel-react/-/embla-carousel-react-8.6.0.tgz 2477ms (cache miss)
875 http fetch GET 200 https://registry.npmjs.org/detect-node-es/-/detect-node-es-1.1.0.tgz 2476ms (cache miss)
876 http fetch GET 200 https://registry.npmjs.org/debug/-/debug-4.4.3.tgz 2482ms (cache miss)
877 http fetch GET 200 https://registry.npmjs.org/@babel/parser/-/parser-7.29.7.tgz 2527ms (cache miss)
878 http fetch GET 200 https://registry.npmjs.org/source-map-js/-/source-map-js-1.2.1.tgz 2521ms (cache miss)
879 http fetch GET 200 https://registry.npmjs.org/embla-carousel-reactive-utils/-/embla-carousel-reactive-utils-8.6.0.tgz 2501ms (cache miss)
880 http fetch GET 200 https://registry.npmjs.org/detect-libc/-/detect-libc-2.1.2.tgz 2517ms (cache miss)
881 http fetch GET 200 https://registry.npmjs.org/d3-timer/-/d3-timer-3.0.1.tgz 2526ms (cache miss)
882 http fetch GET 200 https://registry.npmjs.org/d3-time/-/d3-time-3.1.0.tgz 2536ms (cache miss)
883 http fetch GET 200 https://registry.npmjs.org/d3-format/-/d3-format-3.1.2.tgz 2558ms (cache miss)
884 http fetch GET 200 https://registry.npmjs.org/eventemitter3/-/eventemitter3-4.0.7.tgz 2577ms (cache miss)
885 http fetch GET 200 https://registry.npmjs.org/d3-color/-/d3-color-3.1.0.tgz 2604ms (cache miss)
886 http fetch GET 200 https://registry.npmjs.org/d3-ease/-/d3-ease-3.0.1.tgz 2614ms (cache miss)
887 http fetch GET 200 https://registry.npmjs.org/input-otp/-/input-otp-1.4.2.tgz 2677ms (cache miss)
888 http fetch GET 200 https://registry.npmjs.org/convert-source-map/-/convert-source-map-2.0.0.tgz 2667ms (cache miss)
889 http fetch GET 200 https://registry.npmjs.org/cssesc/-/cssesc-3.0.0.tgz 2669ms (cache miss)
890 http fetch GET 200 https://registry.npmjs.org/tapable/-/tapable-2.3.3.tgz 2713ms (cache miss)
891 http fetch GET 200 https://registry.npmjs.org/class-variance-authority/-/class-variance-authority-0.7.1.tgz 2688ms (cache miss)
892 http fetch GET 200 https://registry.npmjs.org/esbuild/-/esbuild-0.27.7.tgz 2702ms (cache miss)
893 http fetch GET 200 https://registry.npmjs.org/d3-path/-/d3-path-3.1.0.tgz 2719ms (cache miss)
894 http fetch GET 200 https://registry.npmjs.org/modern-screenshot/-/modern-screenshot-4.7.0.tgz 2740ms (cache miss)
895 http fetch GET 200 https://registry.npmjs.org/aria-hidden/-/aria-hidden-1.2.6.tgz 2716ms (cache miss)
896 http fetch GET 200 https://registry.npmjs.org/react-is/-/react-is-16.13.1.tgz 2723ms (cache miss)
897 http fetch GET 200 https://registry.npmjs.org/recharts-scale/-/recharts-scale-0.4.5.tgz 2783ms (cache miss)
898 http fetch GET 200 https://registry.npmjs.org/@jridgewell/trace-mapping/-/trace-mapping-0.3.31.tgz 2804ms (cache miss)
899 http fetch GET 200 https://registry.npmjs.org/iceberg-js/-/iceberg-js-0.8.1.tgz 2780ms (cache miss)
900 http fetch GET 200 https://registry.npmjs.org/decimal.js-light/-/decimal.js-light-2.5.1.tgz 2795ms (cache miss)
901 http fetch GET 200 https://registry.npmjs.org/electron-to-chromium/-/electron-to-chromium-1.5.371.tgz 2800ms (cache miss)
902 http fetch GET 200 https://registry.npmjs.org/magic-string/-/magic-string-0.30.21.tgz 2870ms (cache miss)
903 http fetch GET 200 https://registry.npmjs.org/@date-fns/tz/-/tz-1.5.0.tgz 2922ms (cache miss)
904 http fetch GET 200 https://registry.npmjs.org/clsx/-/clsx-2.1.1.tgz 2885ms (cache miss)
905 http fetch GET 200 https://registry.npmjs.org/browserslist/-/browserslist-4.28.2.tgz 2887ms (cache miss)
906 http fetch GET 200 https://registry.npmjs.org/baseline-browser-mapping/-/baseline-browser-mapping-2.10.36.tgz 2917ms (cache miss)
907 http fetch GET 200 https://registry.npmjs.org/lightningcss/-/lightningcss-1.32.0.tgz 2966ms (cache miss)
908 http fetch GET 200 https://registry.npmjs.org/cmdk/-/cmdk-1.1.1.tgz 2979ms (cache miss)
909 http fetch GET 200 https://registry.npmjs.org/undici-types/-/undici-types-7.24.6.tgz 3039ms (cache miss)
910 http fetch GET 200 https://registry.npmjs.org/react/-/react-19.1.0.tgz 3045ms (cache miss)
911 http fetch GET 200 https://registry.npmjs.org/csstype/-/csstype-3.2.3.tgz 3063ms (cache miss)
912 http fetch GET 200 https://registry.npmjs.org/json5/-/json5-2.2.3.tgz 3152ms (cache miss)
913 http fetch GET 200 https://registry.npmjs.org/react-remove-scroll-bar/-/react-remove-scroll-bar-2.3.8.tgz 3223ms (cache miss)
914 http fetch GET 200 https://registry.npmjs.org/react-style-singleton/-/react-style-singleton-2.2.3.tgz 3255ms (cache miss)
915 http fetch GET 200 https://registry.npmjs.org/react-smooth/-/react-smooth-4.0.4.tgz 3295ms (cache miss)
916 http fetch GET 200 https://registry.npmjs.org/tailwindcss/-/tailwindcss-4.3.0.tgz 3329ms (cache miss)
917 http fetch GET 200 https://registry.npmjs.org/react-transition-group/-/react-transition-group-4.4.5.tgz 3376ms (cache miss)
918 http fetch GET 200 https://registry.npmjs.org/fast-equals/-/fast-equals-5.4.0.tgz 3440ms (cache miss)
919 http fetch GET 200 https://registry.npmjs.org/jiti/-/jiti-2.7.0.tgz 3447ms (cache miss)
920 http fetch GET 200 https://registry.npmjs.org/d3-scale/-/d3-scale-4.0.2.tgz 3443ms (cache miss)
921 http fetch GET 200 https://registry.npmjs.org/tailwind-merge/-/tailwind-merge-3.6.0.tgz 3499ms (cache miss)
922 http fetch GET 200 https://registry.npmjs.org/d3-interpolate/-/d3-interpolate-3.0.1.tgz 3471ms (cache miss)
923 http fetch GET 200 https://registry.npmjs.org/postcss-selector-parser/-/postcss-selector-parser-6.0.10.tgz 3618ms (cache miss)
924 http fetch GET 200 https://registry.npmjs.org/@babel/generator/-/generator-7.29.7.tgz 3668ms (cache miss)
925 http fetch GET 200 https://registry.npmjs.org/d3-time-format/-/d3-time-format-4.1.0.tgz 3808ms (cache miss)
926 http fetch GET 200 https://registry.npmjs.org/postcss/-/postcss-8.5.15.tgz 3904ms (cache miss)
927 http fetch GET 200 https://registry.npmjs.org/rollup/-/rollup-4.61.1.tgz 3956ms (cache miss)
928 http fetch GET 200 https://registry.npmjs.org/vite/-/vite-7.3.5.tgz 4020ms (cache miss)
929 http fetch GET 200 https://registry.npmjs.org/@supabase/realtime-js/-/realtime-js-2.108.1.tgz 4086ms (cache miss)
930 http fetch GET 200 https://registry.npmjs.org/enhanced-resolve/-/enhanced-resolve-5.24.0.tgz 4131ms (cache miss)
931 http fetch GET 200 https://registry.npmjs.org/@babel/traverse/-/traverse-7.29.7.tgz 4179ms (cache miss)
932 http fetch GET 200 https://registry.npmjs.org/use-callback-ref/-/use-callback-ref-1.3.3.tgz 4169ms (cache miss)
933 http fetch GET 200 https://registry.npmjs.org/react-resizable-panels/-/react-resizable-panels-2.1.9.tgz 4172ms (cache miss)
934 http fetch GET 200 https://registry.npmjs.org/d3-array/-/d3-array-3.2.4.tgz 4168ms (cache miss)
935 http fetch GET 200 https://registry.npmjs.org/react-remove-scroll/-/react-remove-scroll-2.7.2.tgz 4265ms (cache miss)
936 http fetch GET 200 https://registry.npmjs.org/d3-shape/-/d3-shape-3.2.0.tgz 4304ms (cache miss)
937 http fetch GET 200 https://registry.npmjs.org/motion-utils/-/motion-utils-12.39.0.tgz 4431ms (cache miss)
938 http fetch GET 200 https://registry.npmjs.org/react-dom/-/react-dom-19.1.0.tgz 4529ms (cache miss)
939 http fetch GET 200 https://registry.npmjs.org/@esbuild/win32-x64/-/win32-x64-0.27.7.tgz 4587ms (cache miss)
940 http fetch GET 200 https://registry.npmjs.org/lightningcss-win32-x64-msvc/-/lightningcss-win32-x64-msvc-1.32.0.tgz 4563ms (cache miss)
941 http fetch GET 200 https://registry.npmjs.org/embla-carousel/-/embla-carousel-8.6.0.tgz 4818ms (cache miss)
942 http fetch GET 200 https://registry.npmjs.org/@babel/core/-/core-7.29.7.tgz 4915ms (cache miss)
943 http fetch GET 200 https://registry.npmjs.org/@supabase/auth-js/-/auth-js-2.108.1.tgz 5126ms (cache miss)
944 http fetch GET 200 https://registry.npmjs.org/@tanstack/query-core/-/query-core-5.101.0.tgz 5305ms (cache miss)
945 http fetch GET 200 https://registry.npmjs.org/@tanstack/react-query/-/react-query-5.101.0.tgz 5310ms (cache miss)
946 http fetch GET 200 https://registry.npmjs.org/@babel/types/-/types-7.29.7.tgz 5378ms (cache miss)
947 http fetch GET 200 https://registry.npmjs.org/@babel/runtime/-/runtime-7.29.7.tgz 5501ms (cache miss)
948 http fetch GET 200 https://registry.npmjs.org/dom-helpers/-/dom-helpers-5.2.1.tgz 5518ms (cache miss)
949 http fetch GET 200 https://registry.npmjs.org/react-hook-form/-/react-hook-form-7.78.0.tgz 5599ms (cache miss)
950 http fetch GET 200 https://registry.npmjs.org/@babel/helpers/-/helpers-7.29.7.tgz 5790ms (cache miss)
951 http fetch GET 200 https://registry.npmjs.org/recharts/-/recharts-2.15.4.tgz 6177ms (cache miss)
952 warn deprecated recharts@2.15.4: 1.x and 2.x branches are no longer active. Bump to Recharts v3 to receive latest features and bugfixes. See https://github.com/recharts/recharts/wiki/3.0-migration-guide
953 http fetch GET 200 https://registry.npmjs.org/victory-vendor/-/victory-vendor-36.9.2.tgz 6352ms (cache miss)
954 http fetch GET 200 https://registry.npmjs.org/@hookform/resolvers/-/resolvers-3.10.0.tgz 6655ms (cache miss)
955 http fetch GET 200 https://registry.npmjs.org/framer-motion/-/framer-motion-12.40.0.tgz 7593ms (cache miss)
956 http fetch GET 200 https://registry.npmjs.org/lodash/-/lodash-4.18.1.tgz 7977ms (cache miss)
957 http fetch GET 200 https://registry.npmjs.org/zod/-/zod-3.25.76.tgz 8157ms (cache miss)
958 http fetch GET 200 https://registry.npmjs.org/motion-dom/-/motion-dom-12.40.0.tgz 8156ms (cache miss)
959 http fetch GET 200 https://registry.npmjs.org/react-icons/-/react-icons-5.6.0.tgz 8536ms (cache miss)
960 http fetch GET 200 https://registry.npmjs.org/caniuse-lite/-/caniuse-lite-1.0.30001799.tgz 8749ms (cache miss)
961 http fetch GET 200 https://registry.npmjs.org/react-day-picker/-/react-day-picker-9.14.0.tgz 10093ms (cache miss)
962 http fetch GET 200 https://registry.npmjs.org/date-fns-jalali/-/date-fns-jalali-4.1.0-0.tgz 11423ms (cache miss)
963 http fetch GET 200 https://registry.npmjs.org/date-fns/-/date-fns-3.6.0.tgz 15680ms (cache miss)
964 http fetch GET 200 https://registry.npmjs.org/date-fns/-/date-fns-4.4.0.tgz 15955ms (cache miss)
965 http fetch GET 200 https://registry.npmjs.org/lucide-react/-/lucide-react-0.545.0.tgz 16131ms (cache miss)
966 info run esbuild@0.27.7 postinstall node_modules/esbuild node install.js
967 info run esbuild@0.27.7 postinstall { code: 0, signal: null }
968 silly CHANGE node_modules/@vitejs/plugin-react
969 silly CHANGE node_modules/@types/react-dom
970 silly CHANGE node_modules/@types/react
971 silly CHANGE node_modules/@types/node
972 silly CHANGE node_modules/@types/estree
973 silly CHANGE node_modules/@types/d3-timer
974 silly CHANGE node_modules/@types/d3-time
975 silly CHANGE node_modules/@types/d3-shape
976 silly CHANGE node_modules/@types/d3-scale
977 silly CHANGE node_modules/@types/d3-path
978 silly CHANGE node_modules/@types/d3-interpolate
979 silly CHANGE node_modules/@types/d3-ease
980 silly CHANGE node_modules/@types/d3-color
981 silly CHANGE node_modules/@types/d3-array
982 silly CHANGE node_modules/@types/babel__traverse
983 silly CHANGE node_modules/@types/babel__template
984 silly CHANGE node_modules/@types/babel__generator
985 silly CHANGE node_modules/@types/babel__core
986 silly CHANGE node_modules/@tanstack/react-query
987 silly CHANGE node_modules/@tanstack/query-core
988 silly CHANGE node_modules/@tabby_ai/hijri-converter
989 silly CHANGE node_modules/@tailwindcss/vite
990 silly CHANGE node_modules/@tailwindcss/typography
991 silly CHANGE node_modules/@tailwindcss/oxide-win32-x64-msvc
992 silly CHANGE node_modules/@tailwindcss/oxide
993 silly CHANGE node_modules/@tailwindcss/node
994 silly CHANGE node_modules/@supabase/postgrest-js
995 silly CHANGE node_modules/@supabase/supabase-js
996 silly CHANGE node_modules/@supabase/realtime-js
997 silly CHANGE node_modules/@supabase/storage-js
998 silly CHANGE node_modules/@supabase/phoenix
999 silly CHANGE node_modules/@supabase/functions-js
1000 silly CHANGE node_modules/@supabase/auth-js
1001 silly CHANGE node_modules/@rolldown/pluginutils
1002 silly CHANGE node_modules/@rollup/rollup-win32-x64-msvc
1003 silly CHANGE node_modules/@rollup/rollup-win32-x64-gnu
1004 silly CHANGE node_modules/@replit/vite-plugin-runtime-error-modal
1005 silly CHANGE node_modules/@replit/vite-plugin-dev-banner
1006 silly CHANGE node_modules/@replit/vite-plugin-cartographer
1007 silly CHANGE node_modules/@radix-ui/rect
1008 silly CHANGE node_modules/@radix-ui/react-visually-hidden
1009 silly CHANGE node_modules/@radix-ui/react-use-size
1010 silly CHANGE node_modules/@radix-ui/react-use-rect
1011 silly CHANGE node_modules/@radix-ui/react-use-previous
1012 silly CHANGE node_modules/@radix-ui/react-use-effect-event
1013 silly CHANGE node_modules/@radix-ui/react-use-layout-effect
1014 silly CHANGE node_modules/@radix-ui/react-use-is-hydrated
1015 silly CHANGE node_modules/@radix-ui/react-use-escape-keydown
1016 silly CHANGE node_modules/@radix-ui/react-use-controllable-state
1017 silly CHANGE node_modules/@radix-ui/react-use-callback-ref
1018 silly CHANGE node_modules/@radix-ui/react-tooltip
1019 silly CHANGE node_modules/@radix-ui/react-toggle-group
1020 silly CHANGE node_modules/@radix-ui/react-toggle
1021 silly CHANGE node_modules/@radix-ui/react-toast
1022 silly CHANGE node_modules/@radix-ui/react-tabs
1023 silly CHANGE node_modules/@radix-ui/react-switch
1024 silly CHANGE node_modules/@radix-ui/react-slot
1025 silly CHANGE node_modules/@radix-ui/react-slider
1026 silly CHANGE node_modules/@radix-ui/react-separator
1027 silly CHANGE node_modules/@radix-ui/react-select
1028 silly CHANGE node_modules/@radix-ui/react-scroll-area
1029 silly CHANGE node_modules/@radix-ui/react-roving-focus
1030 silly CHANGE node_modules/@radix-ui/react-radio-group
1031 silly CHANGE node_modules/@radix-ui/react-progress
1032 silly CHANGE node_modules/@radix-ui/react-primitive
1033 silly CHANGE node_modules/@radix-ui/react-presence
1034 silly CHANGE node_modules/@radix-ui/react-popper
1035 silly CHANGE node_modules/@radix-ui/react-portal
1036 silly CHANGE node_modules/@radix-ui/react-popover
1037 silly CHANGE node_modules/@radix-ui/react-menu
1038 silly CHANGE node_modules/@radix-ui/react-navigation-menu
1039 silly CHANGE node_modules/@radix-ui/react-menubar
1040 silly CHANGE node_modules/@radix-ui/react-id
1041 silly CHANGE node_modules/@radix-ui/react-label
1042 silly CHANGE node_modules/@radix-ui/react-focus-scope
1043 silly CHANGE node_modules/@radix-ui/react-focus-guards
1044 silly CHANGE node_modules/@radix-ui/react-hover-card
1045 silly CHANGE node_modules/@radix-ui/react-dropdown-menu
1046 silly CHANGE node_modules/@radix-ui/react-dismissable-layer
1047 silly CHANGE node_modules/@radix-ui/react-direction
1048 silly CHANGE node_modules/@radix-ui/react-dialog
1049 silly CHANGE node_modules/@radix-ui/react-context-menu
1050 silly CHANGE node_modules/@radix-ui/react-compose-refs
1051 silly CHANGE node_modules/@radix-ui/react-context
1052 silly CHANGE node_modules/@radix-ui/react-collection
1053 silly CHANGE node_modules/@radix-ui/react-collapsible
1054 silly CHANGE node_modules/@radix-ui/react-avatar
1055 silly CHANGE node_modules/@radix-ui/react-checkbox
1056 silly CHANGE node_modules/@radix-ui/react-arrow
1057 silly CHANGE node_modules/@radix-ui/react-aspect-ratio
1058 silly CHANGE node_modules/@radix-ui/react-alert-dialog
1059 silly CHANGE node_modules/@radix-ui/react-accordion
1060 silly CHANGE node_modules/@radix-ui/primitive
1061 silly CHANGE node_modules/@radix-ui/number
1062 silly CHANGE node_modules/@jridgewell/sourcemap-codec
1063 silly CHANGE node_modules/@jridgewell/trace-mapping
1064 silly CHANGE node_modules/@jridgewell/resolve-uri
1065 silly CHANGE node_modules/@jridgewell/remapping
1066 silly CHANGE node_modules/@jridgewell/gen-mapping
1067 silly CHANGE node_modules/@floating-ui/utils
1068 silly CHANGE node_modules/@floating-ui/react-dom
1069 silly CHANGE node_modules/@floating-ui/dom
1070 silly CHANGE node_modules/@floating-ui/core
1071 silly CHANGE node_modules/@hookform/resolvers
1072 silly CHANGE node_modules/@esbuild/win32-x64
1073 silly CHANGE node_modules/@date-fns/tz
1074 silly CHANGE node_modules/@babel/types
1075 silly CHANGE node_modules/@babel/traverse
1076 silly CHANGE node_modules/@babel/template
1077 silly CHANGE node_modules/@babel/runtime
1078 silly CHANGE node_modules/@babel/plugin-transform-react-jsx-source
1079 silly CHANGE node_modules/@babel/plugin-transform-react-jsx-self
1080 silly CHANGE node_modules/@babel/parser
1081 silly CHANGE node_modules/@babel/helpers
1082 silly CHANGE node_modules/@babel/helper-validator-option
1083 silly CHANGE node_modules/@babel/helper-validator-identifier
1084 silly CHANGE node_modules/@babel/helper-plugin-utils
1085 silly CHANGE node_modules/@babel/helper-string-parser
1086 silly CHANGE node_modules/@babel/helper-module-transforms
1087 silly CHANGE node_modules/@babel/helper-module-imports
1088 silly CHANGE node_modules/@babel/helper-globals
1089 silly CHANGE node_modules/@babel/helper-compilation-targets
1090 silly CHANGE node_modules/@babel/generator
1091 silly CHANGE node_modules/@babel/core
1092 silly CHANGE node_modules/@babel/compat-data
1093 silly CHANGE node_modules/@babel/code-frame
1094 silly CHANGE node_modules/zod
1095 silly CHANGE node_modules/yallist
1096 silly CHANGE node_modules/wouter
1097 silly CHANGE node_modules/vite
1098 silly CHANGE node_modules/vaul
1099 silly CHANGE node_modules/victory-vendor
1100 silly CHANGE node_modules/util-deprecate
1101 silly CHANGE node_modules/use-sync-external-store
1102 silly CHANGE node_modules/use-sidecar
1103 silly CHANGE node_modules/update-browserslist-db
1104 silly CHANGE node_modules/use-callback-ref
1105 silly CHANGE node_modules/undici-types
1106 silly CHANGE node_modules/tw-animate-css
1107 silly CHANGE node_modules/tslib
1108 silly CHANGE node_modules/tapable
1109 silly CHANGE node_modules/tinyglobby
1110 silly CHANGE node_modules/tiny-invariant
1111 silly CHANGE node_modules/tailwindcss
1112 silly CHANGE node_modules/source-map-js
1113 silly CHANGE node_modules/tailwind-merge
1114 silly CHANGE node_modules/sonner
1115 silly CHANGE node_modules/scheduler
1116 silly CHANGE node_modules/semver
1117 silly CHANGE node_modules/regexparam
1118 silly CHANGE node_modules/recharts-scale
1119 silly CHANGE node_modules/rollup
1120 silly CHANGE node_modules/recharts
1121 silly CHANGE node_modules/react-transition-group
1122 silly CHANGE node_modules/react-style-singleton
1123 silly CHANGE node_modules/react-smooth
1124 silly CHANGE node_modules/react-resizable-panels
1125 silly CHANGE node_modules/react-remove-scroll-bar
1126 silly CHANGE node_modules/react-refresh
1127 silly CHANGE node_modules/react-remove-scroll
1128 silly CHANGE node_modules/react-is
1129 silly CHANGE node_modules/react-icons
1130 silly CHANGE node_modules/react-hook-form
1131 silly CHANGE node_modules/react-dom
1132 silly CHANGE node_modules/react-day-picker
1133 silly CHANGE node_modules/react-day-picker/node_modules/date-fns
1134 silly CHANGE node_modules/react
1135 silly CHANGE node_modules/prop-types
1136 silly CHANGE node_modules/prop-types/node_modules/react-is
1137 silly CHANGE node_modules/postcss-selector-parser
1138 silly CHANGE node_modules/postcss
1139 silly CHANGE node_modules/picomatch
1140 silly CHANGE node_modules/object-assign
1141 silly CHANGE node_modules/picocolors
1142 silly CHANGE node_modules/node-releases
1143 silly CHANGE node_modules/next-themes
1144 silly CHANGE node_modules/nanoid
1145 silly CHANGE node_modules/ms
1146 silly CHANGE node_modules/motion-utils
1147 silly CHANGE node_modules/modern-screenshot
1148 silly CHANGE node_modules/motion-dom
1149 silly CHANGE node_modules/mitt
1150 silly CHANGE node_modules/magic-string
1151 silly CHANGE node_modules/lucide-react
1152 silly CHANGE node_modules/lru-cache
1153 silly CHANGE node_modules/loose-envify
1154 silly CHANGE node_modules/lodash
1155 silly CHANGE node_modules/lightningcss-win32-x64-msvc
1156 silly CHANGE node_modules/lightningcss
1157 silly CHANGE node_modules/json5
1158 silly CHANGE node_modules/jsesc
1159 silly CHANGE node_modules/js-tokens
1160 silly CHANGE node_modules/jiti
1161 silly CHANGE node_modules/internmap
1162 silly CHANGE node_modules/input-otp
1163 silly CHANGE node_modules/iceberg-js
1164 silly CHANGE node_modules/graceful-fs
1165 silly CHANGE node_modules/get-nonce
1166 silly CHANGE node_modules/gensync
1167 silly CHANGE node_modules/framer-motion
1168 silly CHANGE node_modules/fdir
1169 silly CHANGE node_modules/fast-equals
1170 silly CHANGE node_modules/eventemitter3
1171 silly CHANGE node_modules/escalade
1172 silly CHANGE node_modules/esbuild
1173 silly CHANGE node_modules/enhanced-resolve
1174 silly CHANGE node_modules/embla-carousel-reactive-utils
1175 silly CHANGE node_modules/embla-carousel-react
1176 silly CHANGE node_modules/embla-carousel
1177 silly CHANGE node_modules/electron-to-chromium
1178 silly CHANGE node_modules/dom-helpers
1179 silly CHANGE node_modules/detect-node-es
1180 silly CHANGE node_modules/decimal.js-light
1181 silly CHANGE node_modules/detect-libc
1182 silly CHANGE node_modules/debug
1183 silly CHANGE node_modules/date-fns-jalali
1184 silly CHANGE node_modules/date-fns
1185 silly CHANGE node_modules/d3-timer
1186 silly CHANGE node_modules/d3-time
1187 silly CHANGE node_modules/d3-time-format
1188 silly CHANGE node_modules/d3-shape
1189 silly CHANGE node_modules/d3-scale
1190 silly CHANGE node_modules/d3-path
1191 silly CHANGE node_modules/d3-interpolate
1192 silly CHANGE node_modules/d3-format
1193 silly CHANGE node_modules/d3-color
1194 silly CHANGE node_modules/d3-ease
1195 silly CHANGE node_modules/d3-array
1196 silly CHANGE node_modules/cssesc
1197 silly CHANGE node_modules/csstype
1198 silly CHANGE node_modules/convert-source-map
1199 silly CHANGE node_modules/cmdk
1200 silly CHANGE node_modules/clsx
1201 silly CHANGE node_modules/class-variance-authority
1202 silly CHANGE node_modules/caniuse-lite
1203 silly CHANGE node_modules/baseline-browser-mapping
1204 silly CHANGE node_modules/browserslist
1205 silly CHANGE node_modules/aria-hidden
1206 verbose cwd C:\Users\welli\Desktop\Bella Mix
1207 verbose os Windows_NT 10.0.26200
1208 verbose node v24.14.1
1209 verbose npm  v11.11.0
1210 verbose exit 0
1211 info ok
